run_id,job_id,process,block,seed,mode,target,signed_t,signed_tau,selected_crop,selected_n_left,selected_n_right,selected_t,selected_tau,uncropped_t,uncropped_tau
36378993505,108790617774,1,1,0xe8c9e38888bda9cf,baseline,ct_fn_invert,-2.35683,-0.02383,56,4910,4872,-2.35682891499188507,-0.02382946151298766,0.06204993869305082,0.00062049938693051
36378993505,108790617774,1,1,0xe8c9e38888bda9cf,baseline,ct_fp_invert,-1.61855,-0.01630,64,4949,4917,-1.61854966914824239,-0.01629504168416692,1.35857238709462047,0.01358572387094620
36378993505,108790617774,1,1,0xe8c9e38888bda9cf,baseline,ct_hmac_sm3,-2.13797,-0.02139,100,5014,4976,-2.13797411895549727,-0.02139043908423972,-0.55127360371709100,-0.00551273603717091
36378993505,108790617774,1,1,0xe8c9e38888bda9cf,baseline,ct_mul_g,-2.58117,-0.02695,36,4587,4587,-2.58117161937090422,-0.02694868098980421,1.03765689343310608,0.01037656893433106
36378993505,108790617774,1,1,0xe8c9e38888bda9cf,baseline,ct_mul_var,+2.25792,+0.04189,5,1474,1431,2.25792049463784128,0.04189243237007662,1.05019864225521209,0.01050198642255212
36378993505,108790617774,1,1,0xe8c9e38888bda9cf,baseline,ct_pkcs8_decrypt,+1.86879,+0.01872,84,5008,4962,1.86878721354034472,0.01871596717326896,-0.43877290609134312,-0.00438772906091343
36378993505,108790617774,1,1,0xe8c9e38888bda9cf,baseline,ct_sign,+1.99095,+0.03417,6,1709,1686,1.99095404763021055,0.03416971425898285,-1.29657286120765947,-0.01296572861207660
36378993505,108790617774,1,1,0xe8c9e38888bda9cf,baseline,ct_sign_k_class,-20.70431,-0.23212,23,4089,3867,-20.70430996111526056,-0.23212043382181810,-3.21794584311618559,-0.03217945843116186
36378993505,108790617774,1,1,0xe8c9e38888bda9cf,baseline,ct_sm2_decrypt,-1.54731,-0.05987,1,326,342,-1.54730549990980037,-0.05986704718290251,-1.00103162055172779,-0.01001031620551728
36378993505,108790617774,1,1,0xe8c9e38888bda9cf,baseline,ct_sm2_key_exchange,-1.51154,-0.01512,98,5014,4974,-1.51153515595749166,-0.01512442894097137,-1.33537463406903600,-0.01335374634069036
36378993505,108790617774,1,1,0xe8c9e38888bda9cf,baseline,ct_sm4_cbc_decrypt_fanout,-2.31590,-0.02353,50,4859,4828,-2.31590426506180158,-0.02353021810192087,-0.46331277495367568,-0.00463312774953676
36378993505,108790617774,1,1,0xe8c9e38888bda9cf,baseline,ct_sm4_ccm_decrypt,-2.70434,-0.04713,6,1656,1637,-2.70433823103547910,-0.04712649519752363,-0.69780299100673215,-0.00697802991006732
36378993505,108790617774,1,1,0xe8c9e38888bda9cf,baseline,ct_sm4_ctr_encrypt,+2.35673,+0.02612,27,4074,4064,2.35673024205352721,0.02612468316102902,0.91327636898377929,0.00913276368983779
36378993505,108790617774,1,1,0xe8c9e38888bda9cf,baseline,ct_sm4_encrypt_block,-1.68304,-0.01683,0,5020,4980,-1.68304247473797663,-0.01683042474737977,-1.68304247473797663,-0.01683042474737977
36378993505,108790617774,1,1,0xe8c9e38888bda9cf,baseline,ct_sm4_encrypt_block_bitsliced_simd,-1.49354,-0.01517,50,4859,4828,-1.49354268974850624,-0.01517480051506967,0.69036061016186556,0.00690360610161866
36378993505,108790617774,1,1,0xe8c9e38888bda9cf,baseline,ct_sm4_gcm_decrypt,-2.50921,-0.02510,100,5015,4975,-2.50920523256406858,-0.02510460776917126,-2.49669783925732602,-0.02496697839257326
36378993505,108790617774,1,1,0xe8c9e38888bda9cf,baseline,ct_sm4_gcm_decrypt_buffered,+1.90017,+0.06073,2,489,490,1.90016609751409860,0.06072957184912889,0.28827498534032392,0.00288274985340324
36378993505,108790617774,1,1,0xe8c9e38888bda9cf,baseline,ct_sm4_key_schedule,+2.04843,+0.02083,53,4853,4815,2.04843017728219934,0.02083304943146883,0.12552867812865615,0.00125528678128656
36378993505,108790617774,1,1,0xe8c9e38888bda9cf,baseline,ct_sm4_xts_decrypt,+2.76226,+0.02985,28,4310,4254,2.76226230777883908,0.02984878020460643,-0.21477183546518083,-0.00214771835465181
36378993505,108790617774,1,1,0xe8c9e38888bda9cf,baseline,ct_tlcp_cbc_deprotect,+4.16834,+0.04763,22,3862,3797,4.16834041112721465,0.04762962300365658,-0.66209255217190932,-0.00662092552171909
36378993505,108790617774,1,1,0xe8c9e38888bda9cf,baseline,negative_control,+12027.38895,+120.58783,80,4968,4980,12027.38895471697469475,120.58782654622618224,340.26030704308402619,3.40260307043084032
36378993505,108790617774,1,1,0xe8c9e38888bda9cf,baseline,noise_floor_fn_invert,+2.61897,+0.02629,70,4979,4942,2.61896721008121958,0.02629373830540723,1.39865246742591331,0.01398652467425913
36378993505,108790617774,1,1,0xe8c9e38888bda9cf,baseline,noise_floor_fp_invert,-1.99250,-0.02009,61,4931,4903,-1.99250294125308525,-0.02009249501173113,-0.52110054092791847,-0.00521100540927918
36378993505,108790617774,1,1,0xe8c9e38888bda9cf,baseline,noise_twin_class_split,-0.73158,-0.00732,0,5020,4980,-0.73157603727283449,-0.00731576037272834,-0.73157603727283449,-0.00731576037272834
36378993505,108790617774,2,1,0xe8c9e38888bda9cf,original,ct_sm4_key_schedule,+1.89490,+0.12309,2,121,116,1.89490499167177373,0.12308730611237924,0.21459171701562765,0.00214591717015628
36378993505,108790617774,3,1,0xe8c9e38888bda9cf,swapped,ct_sm4_key_schedule,-1.94813,-0.03795,6,1325,1310,-1.94813015019422764,-0.03795138747189677,0.42596556379994266,0.00425965563799943
36378993505,108790617774,4,1,0xe8c9e38888bda9cf,same-left,ct_sm4_key_schedule,+1.65990,+0.01661,94,5015,4970,1.65989985108473470,0.01661146178266524,0.83220910220507194,0.00832209102205072
36378993505,108790617774,5,1,0xe8c9e38888bda9cf,same-right,ct_sm4_key_schedule,+2.10218,+0.02117,62,4942,4921,2.10217734078551022,0.02116726924396439,1.73221633408205200,0.01732216334082052
36378993505,108790617774,6,2,0x8b6bd04cb0283e17,baseline,ct_fn_invert,-1.60353,-0.01607,79,5010,4945,-1.60352892060347352,-0.01607149083316093,-0.46653242668192380,-0.00466532426681924
36378993505,108790617774,6,2,0x8b6bd04cb0283e17,baseline,ct_fp_invert,-1.97499,-0.01980,77,5007,4944,-1.97498932722842646,-0.01979845906314090,-0.11940468380420861,-0.00119404683804209
36378993505,108790617774,6,2,0x8b6bd04cb0283e17,baseline,ct_hmac_sm3,+2.11159,+0.02126,64,4969,4900,2.11159482977689361,0.02125563165620149,-0.44379948120044843,-0.00443799481200448
36378993505,108790617774,6,2,0x8b6bd04cb0283e17,baseline,ct_mul_g,+2.35249,+0.03082,13,2935,2892,2.35249444601712954,0.03081811686639713,0.95975692479443375,0.00959756924794434
36378993505,108790617774,6,2,0x8b6bd04cb0283e17,baseline,ct_mul_var,-1.96661,-0.01973,73,4998,4938,-1.96660630019919758,-0.01972929809444406,-1.43335057103031893,-0.01433350571030319
36378993505,108790617774,6,2,0x8b6bd04cb0283e17,baseline,ct_pkcs8_decrypt,+2.34789,+0.04771,4,1225,1197,2.34788784531347439,0.04770789757025786,0.26361770866429918,0.00263617708664299
36378993505,108790617774,6,2,0x8b6bd04cb0283e17,baseline,ct_sign,+1.97716,+0.02042,40,4736,4637,1.97715555426534606,0.02042215323795362,-0.66109652363291305,-0.00661096523632913
36378993505,108790617774,6,2,0x8b6bd04cb0283e17,baseline,ct_sign_k_class,-25.13559,-0.33455,12,3111,2534,-25.13558706296687362,-0.33454693845574635,-3.12135875294187493,-0.03121358752941875
36378993505,108790617774,6,2,0x8b6bd04cb0283e17,baseline,ct_sm2_decrypt,-1.31783,-0.01476,23,4011,3956,-1.31783075652484660,-0.01476427856455148,-0.75793225116048124,-0.00757932251160481
36378993505,108790617774,6,2,0x8b6bd04cb0283e17,baseline,ct_sm2_key_exchange,+1.67857,+0.04679,2,646,641,1.67857388089906845,0.04678979987028133,0.73778906357471452,0.00737789063574714
36378993505,108790617774,6,2,0x8b6bd04cb0283e17,baseline,ct_sm4_cbc_decrypt_fanout,-2.69609,-0.03656,12,2717,2722,-2.69608618572203351,-0.03655731086308465,1.66578199114802228,0.01665781991148022
36378993505,108790617774,6,2,0x8b6bd04cb0283e17,baseline,ct_sm4_ccm_decrypt,-2.77854,-0.02785,77,5003,4948,-2.77854187288451060,-0.02785374420363351,-1.94754485504306607,-0.01947544855043066
36378993505,108790617774,6,2,0x8b6bd04cb0283e17,baseline,ct_sm4_ctr_encrypt,-1.55379,-0.01577,51,4881,4827,-1.55379127167121256,-0.01576985839698324,0.50184337157421954,0.00501843371574220
36378993505,108790617774,6,2,0x8b6bd04cb0283e17,baseline,ct_sm4_encrypt_block,+2.54315,+0.02587,49,4870,4795,2.54315222941428498,0.02586851080393157,-0.00600959316805611,-0.00006009593168056
36378993505,108790617774,6,2,0x8b6bd04cb0283e17,baseline,ct_sm4_encrypt_block_bitsliced_simd,+1.99532,+0.02038,46,4830,4756,1.99532436579623362,0.02037955954863151,-0.70928777135935595,-0.00709287771359356
36378993505,108790617774,6,2,0x8b6bd04cb0283e17,baseline,ct_sm4_gcm_decrypt,-1.34605,-0.01410,35,4592,4524,-1.34605182824964120,-0.01409806874645580,-0.49625070258923365,-0.00496250702589234
36378993505,108790617774,6,2,0x8b6bd04cb0283e17,baseline,ct_sm4_gcm_decrypt_buffered,-1.57440,-0.01649,35,4576,4540,-1.57440317255512574,-0.01648973961885498,0.12854455669318868,0.00128544556693189
36378993505,108790617774,6,2,0x8b6bd04cb0283e17,baseline,ct_sm4_key_schedule,+2.61524,+0.07546,4,638,563,2.61523942833528134,0.07546402260245223,0.06498783400326237,0.00064987834003262
36378993505,108790617774,6,2,0x8b6bd04cb0283e17,baseline,ct_sm4_xts_decrypt,+2.37689,+0.02519,32,4507,4400,2.37688856817526384,0.02518506613997542,-0.53673302295671987,-0.00536733022956720
36378993505,108790617774,6,2,0x8b6bd04cb0283e17,baseline,ct_tlcp_cbc_deprotect,+3.29145,+0.03580,27,4277,4178,3.29144587302080893,0.03579562186428920,-0.76659796597464458,-0.00766597965974645
36378993505,108790617774,6,2,0x8b6bd04cb0283e17,baseline,negative_control,+11041.76259,+110.72810,82,4977,4967,11041.76259225392095686,110.72809987596552617,344.99695359236181957,3.44996953592361821
36378993505,108790617774,6,2,0x8b6bd04cb0283e17,baseline,noise_floor_fn_invert,+2.12841,+0.02133,78,5009,4946,2.12840739815543811,0.02133212538244315,0.95817321876284212,0.00958173218762842
36378993505,108790617774,6,2,0x8b6bd04cb0283e17,baseline,noise_floor_fp_invert,+1.71069,+0.01718,69,4989,4927,1.71069074459007942,0.01717921229795220,0.44520312630135245,0.00445203126301352
36378993505,108790617774,6,2,0x8b6bd04cb0283e17,baseline,noise_twin_class_split,+1.49650,+0.01497,100,5028,4962,1.49650283726147570,0.01497251650336737,1.02194515736329072,0.01021945157363291
36378993505,108790617774,7,2,0x8b6bd04cb0283e17,swapped,ct_sm4_key_schedule,-1.46461,-0.01912,17,2938,2927,-1.46460734106261725,-0.01912437268525035,-0.65792277619874229,-0.00657922776198742
36378993505,108790617774,8,2,0x8b6bd04cb0283e17,same-right,ct_sm4_key_schedule,+1.46169,+0.01473,60,4958,4885,1.46168540877858000,0.01473296540609660,-0.45972775135010380,-0.00459727751350104
36378993505,108790617774,9,2,0x8b6bd04cb0283e17,original,ct_sm4_key_schedule,-3.33315,-0.03371,55,4926,4853,-3.33315397257312229,-0.03370607268444940,-1.12310162356202992,-0.01123101623562030
36378993505,108790617774,10,2,0x8b6bd04cb0283e17,same-left,ct_sm4_key_schedule,+1.89539,+0.02030,31,4379,4336,1.89538885897522902,0.02030320631472622,-0.03613523441540421,-0.00036135234415404
36378993505,108790617774,11,3,0x3b2c93b5a01386fb,baseline,ct_fn_invert,-2.00369,-0.02006,85,5106,4866,-2.00368739705635246,-0.02006498464032236,-1.44326095159491574,-0.01443260951594916
36378993505,108790617774,11,3,0x3b2c93b5a01386fb,baseline,ct_fp_invert,+4.22974,+0.04278,57,5007,4768,4.22974286363183083,0.04278145819706778,-0.35803490684006967,-0.00358034906840070
36378993505,108790617774,11,3,0x3b2c93b5a01386fb,baseline,ct_hmac_sm3,-3.84986,-0.03880,61,5043,4803,-3.84986355293994054,-0.03879854343928244,0.38908911158297166,0.00389089111582972
36378993505,108790617774,11,3,0x3b2c93b5a01386fb,baseline,ct_mul_g,-2.06163,-0.02129,40,4790,4585,-2.06163273739851682,-0.02129245135450791,-0.95262392036781307,-0.00952623920367813
36378993505,108790617774,11,3,0x3b2c93b5a01386fb,baseline,ct_mul_var,-2.80384,-0.02807,91,5109,4872,-2.80383996730864959,-0.02806507416995813,-2.38969863092541024,-0.02389698630925410
36378993505,108790617774,11,3,0x3b2c93b5a01386fb,baseline,ct_pkcs8_decrypt,-1.91974,-0.01920,0,5119,4881,-1.91973504114943894,-0.01919735041149439,-1.91973504114943894,-0.01919735041149439
36378993505,108790617774,11,3,0x3b2c93b5a01386fb,baseline,ct_sign,+1.76224,+0.01884,30,4509,4240,1.76224329672251590,0.01884024989782598,-1.05781266638070992,-0.01057812666380710
36378993505,108790617774,11,3,0x3b2c93b5a01386fb,baseline,ct_sign_k_class,-21.29301,-0.23859,23,4110,3855,-21.29300618270335121,-0.23858552427021279,-1.72908966846027057,-0.01729089668460270
36378993505,108790617774,11,3,0x3b2c93b5a01386fb,baseline,ct_sm2_decrypt,-2.67926,-0.03132,19,3723,3596,-2.67925997204651711,-0.03131763673262336,1.02952496655036230,0.01029524966550362
36378993505,108790617774,11,3,0x3b2c93b5a01386fb,baseline,ct_sm2_key_exchange,-1.15491,-0.01437,15,3295,3163,-1.15490925560689695,-0.01437139219776007,-0.71783978210129007,-0.00717839782101290
36378993505,108790617774,11,3,0x3b2c93b5a01386fb,baseline,ct_sm4_cbc_decrypt_fanout,-2.98021,-0.04852,7,1929,1844,-2.98020943694790441,-0.04851805505786232,-0.48008631916538635,-0.00480086319165386
36378993505,108790617774,11,3,0x3b2c93b5a01386fb,baseline,ct_sm4_ccm_decrypt,+1.47623,+0.01578,30,4502,4246,1.47623409958938412,0.01578341027379325,0.07156437019717131,0.00071564370197171
36378993505,108790617774,11,3,0x3b2c93b5a01386fb,baseline,ct_sm4_ctr_encrypt,-2.09392,-0.02116,56,5018,4775,-2.09391671984128047,-0.02115931127309216,-1.14669825331790998,-0.01146698253317910
36378993505,108790617774,11,3,0x3b2c93b5a01386fb,baseline,ct_sm4_encrypt_block,+2.39154,+0.02423,53,4987,4759,2.39154017732063995,0.02422503860380669,0.86076408868015120,0.00860764088680151
36378993505,108790617774,11,3,0x3b2c93b5a01386fb,baseline,ct_sm4_encrypt_block_bitsliced_simd,+2.10999,+0.02120,68,5076,4834,2.10998634105840654,0.02119545854925824,0.94161232197468470,0.00941612321974685
36378993505,108790617774,11,3,0x3b2c93b5a01386fb,baseline,ct_sm4_gcm_decrypt,+1.62761,+0.02913,6,1605,1517,1.62761104145312996,0.02912957699124220,-0.93090207944061176,-0.00930902079440612
36378993505,108790617774,11,3,0x3b2c93b5a01386fb,baseline,ct_sm4_gcm_decrypt_buffered,-2.06836,-0.03134,10,2229,2126,-2.06835914544615118,-0.03134237274686066,0.35447400171106491,0.00354474001711065
36378993505,108790617774,11,3,0x3b2c93b5a01386fb,baseline,ct_sm4_key_schedule,-2.89742,-0.02922,59,5031,4801,-2.89742046149078547,-0.02922069813711107,-0.37395878495677021,-0.00373958784956770
36378993505,108790617774,11,3,0x3b2c93b5a01386fb,baseline,ct_sm4_xts_decrypt,+2.40524,+0.02550,32,4550,4346,2.40523790372536572,0.02550120203983144,1.24752980274185221,0.01247529802741852
36378993505,108790617774,11,3,0x3b2c93b5a01386fb,baseline,ct_tlcp_cbc_deprotect,+3.41515,+0.16566,1,211,214,3.41515398030720663,0.16565930104182575,0.84496802285697803,0.00844968022856978
36378993505,108790617774,11,3,0x3b2c93b5a01386fb,baseline,negative_control,+10484.17336,+105.16297,78,5058,4881,10484.17336160917147936,105.16297131546114940,337.60667807693727127,3.37606678076937250
36378993505,108790617774,11,3,0x3b2c93b5a01386fb,baseline,noise_floor_fn_invert,+2.20730,+0.02704,23,3427,3237,2.20729566419251633,0.02703914881430078,-0.79168296544378769,-0.00791682965443788
36378993505,108790617774,11,3,0x3b2c93b5a01386fb,baseline,noise_floor_fp_invert,+1.99110,+0.02000,68,5078,4832,1.99109911299072784,0.02000119995833263,-0.55504089922731858,-0.00555040899227319
36378993505,108790617774,11,3,0x3b2c93b5a01386fb,baseline,noise_twin_class_split,-2.42667,-0.02429,95,5106,4878,-2.42667135062867745,-0.02428615020424171,1.72687414458170996,0.01726874144581710
36378993505,108790617774,12,3,0x3b2c93b5a01386fb,same-left,ct_sm4_key_schedule,-2.06847,-0.02240,29,4353,4171,-2.06846524484053784,-0.02240404867713231,-0.01959555729079043,-0.00019595557290790
36378993505,108790617774,13,3,0x3b2c93b5a01386fb,original,ct_sm4_key_schedule,-2.36623,-0.02383,62,5043,4820,-2.36623093784442906,-0.02382608088432528,0.31829436108665682,0.00318294361086657
36378993505,108790617774,14,3,0x3b2c93b5a01386fb,same-right,ct_sm4_key_schedule,+2.64878,+0.02748,41,4747,4544,2.64877967755111277,0.02747986568374648,0.11931302355322690,0.00119313023553227
36378993505,108790617774,15,3,0x3b2c93b5a01386fb,swapped,ct_sm4_key_schedule,+2.19761,+0.04028,7,1523,1454,2.19760517650300446,0.04027729093667358,-0.86751957823409098,-0.00867519578234091
