leg,target,variant,instrumented,binary_sha256,patch_sha256,changed_files_sha256,assembly_sha256,helper_address,helper_canonical_sha256,timer_start,timed_call,timer_end,direct_helper_callers,counts_left,counts_right
0,ct_fn_invert,baseline,false,b3aaeb1f66fa98bf69f9656f8b92872bdb549bca425b3bff45e3f0096d7ed663,e3b0c44298fc1c149afbf4c8996fb92427ae41e4649b934ca495991b7852b855,37517e5f3dc66819f61f5a7bb8ace1921282415f10551d2defa5c3eb0985b570,006c4a8b37e52a8179a8c698a9df52332fde2a612f015fcbf5135a0a910f5424,,,,,,,,
0,ct_fn_invert,baseline,true,72815bee58b8e64d249c51f5f5d3937ecd8b394a57e3c146cdd67e04ae93f55b,952205fcdae78a309d939cac4785500f5c8c3e1f7ab7fbc10549942a23ccdb48,0a8dfb038802ff3eafa6b7d40d4435f13864a03ee7f467ca035806ead8a7998f,,,,,,,,0;0;0;0,0;0;0;0
0,ct_fn_invert,sham,false,a5eaf699babf708cf76fb1fec0b0d1b50f7c80904462a9cf49e2c0ca93de12d7,08ecf1fe64b8807a8724f8373202d18fca9f233c07d2dcf6749b5d48dae47b5d,4db78e2c90c559438cbe33ac978ba85ff8cf431235a255d5b691d950dd58ec5c,a83373ddb808beb225eef6ce30a49aa0408961f919e101991e827f8d64f475df,0000000000037940,bc5988e5191f9feb05ab6349ffe9a1c75062e962ce8f4f1d3f7a3589bb7b504b,86946,86953,869e8,timing_leaks::ct_fn_invert@86953,,
0,ct_fn_invert,sham,true,abadd3c12608bf2cdf170c6dbffc2ec3c92dc7d549352af5a97c67498d483032,28ec03de276cc1bc42bf7e470b827cb3fc3afbcb43d52f921df1641be2404d25,f78c9aec980d1eb31bbb783f7572fc5d2f6b39f5e51cbd452294a55a9019b72d,,,,,,,,1;0;0;0,1;1;0;0
0,ct_fn_invert,modest-left,false,8dcae30fa89d41aa5164b749b649f19f1641689dde35cd6b897ce9fa5677587e,46b94f46cb70cd193aee352d29bf2e6e2a0c2ea64b4dfcf8ff8456a1134cdc0e,dee454f7ff4365ab97b8e818b07a13ed671140f39a979edeca3d27f250631ec2,44a7766966369da383360caff9c6a3d231da4f1cf81f8e4d2b0ad07cea20cb62,0000000000037970,766a7398170a38719d0340ac7a0c6fac79faf533cc235b872d3f7e6ff8b22c90,86e16,86e23,86eb8,timing_leaks::ct_fn_invert@86e23,,
0,ct_fn_invert,modest-left,true,7ac4a9d5d554b3f7c5d5edba3eb4299d878e42d12040a4588ccdcfbf8cc1d061,239f045754f907540a3dc10b030264daaf7ca3edcba51ad410e7b38647bf958d,b9e8dd63354075d14b325b0e4867bc26dfcd8d6e4cda2c38be20fd4eee0ff3cf,,,,,,,,1;0;16;0,1;1;0;0
0,ct_fn_invert,modest-right,false,e4e98f8316776043acdc2a802e7742b8e3434356d56e62e5ad194d71f997b9ef,19b0400068c005b4a8e89ae9b8e4b2038d7182d28254063e07b167531300eada,0ec2a4503ada0433b68f45a015f66e2ed605d5b2a5645181c7782ab45a64bba6,575ae176ad352d40418d09950c7c5f6bf9b223e7a93d17cc8449aae73418fd35,0000000000037970,ab294d25a8e82adbe125ac5467d305b12b5cca0bb61d2f8b9b61af971d6cdec1,86e16,86e23,86eb8,timing_leaks::ct_fn_invert@86e23,,
0,ct_fn_invert,modest-right,true,1e59f3faf3b871cbe98fccb4e7a04402a67988035d279bb1ea6850e8bd08e101,1ff6c39c6a1756e70542b60b0b85162b7478f2659ce7b81f8dae45d741907c06,8c158ebfb94906879e3f52050a1aedb0a0d55c1b7732312afd87e09ff4d78831,,,,,,,,1;0;0;0,1;1;16;0
0,ct_fn_invert,gross-left,false,07873ca1266d38d54466cc356a890c5ac38c365cdf45721b51dfa472eea497e3,673ccfc130fe5942315d148298e79f828bdecf309c4e2a005d4036dd4e9707ba,d6e60f6ce6d3104ccb30dc16aa2a39d73251d188414916c658b41259be23e80c,a05365ba9918bb688d4d154f3f87a2660f6570f1fe683f8617bf6e5957cf1771,0000000000037970,618022d197b911b11e8a214cdffdef70a3b51eecdab97228f35e1f7a97bd2f53,86e16,86e23,86eb8,timing_leaks::ct_fn_invert@86e23,,
0,ct_fn_invert,gross-left,true,518af4b3ad7bf92d18563d44d8718e38c845af99a98aa5a79e722605a6aefd3c,55795293f3ba1b65bbfefc641283f60964554c120a992882df172e7b44bbe1b7,1ac2271cdf66d679dad29a76ad190170b4c4972d11854243e6f93a522f77e4ba,,,,,,,,1;0;1024;0,1;1;0;0
0,ct_fn_invert,gross-right,false,ba664f21c238c45d90b631eb35bb50d672dcd94728e878c6b82162d40a990887,05482436785abc8618eea490710e48c21fa7063f9a2737876978f0547f9a86cf,6732c1c49bdd617a6b444a8ba0311929bf45150248da9b88488d3dd2ba763c41,71d80c360d2984b396fe1f8b9668603e8ab54e43d5a4dc8223a58593806013ac,0000000000037970,6be3e94e3b2b1084bdcccaa44476bb916ddb098e2b0ba809d4e3f7aeae7c09b1,86e16,86e23,86eb8,timing_leaks::ct_fn_invert@86e23,,
0,ct_fn_invert,gross-right,true,d0809e729b6535e547ff4b7bcacb977c3273285d52d1d9715309de9a030c699d,6645942218d34ef7bb3c42e263b8c8f453a3a25ca700cbd6f9e723151da369f1,819c890d81da83b3d90e389728627c3a9f14b433a1a0c681f0752b3254f09bc2,,,,,,,,1;0;0;0,1;1;1024;0
0,ct_fp_invert,baseline,true,ff6064ca5c87fc85602c31b81f5634306bb73342953c3ae1ead2a9a99483ff3d,f80a4f6c7bb1891391a491f12e3e95197ec8d68a799ed266750907db485a94ea,78f081e56f11a75c5df4386ecbee1755f815466833b4dcff1c886b4e6a816e4a,,,,,,,,0;0;0;0,0;0;0;0
0,ct_fp_invert,sham,false,1210c0ef1a4dfbb81a1c0f61eef9834227bb9f035d6bb193e234c599e0d900da,da2649b50fee0fb8046a32f5ebbf8060f7d0e75d57be5124a9e9b402847cb31e,8f5365e390438d9572cc52236d917dd4e59f090fa1aa1d6d870fd7b57b37ba89,392a6f820a5a679381f3001dd36096ac4ec2517a108351cfa3c4473ea90b477e,0000000000037960,f0a9160769136def161cab1eaa765b693d375aab48e22d25d4acd14568f58c49,86d85,86d93,86e1f,timing_leaks::ct_fp_invert@86d93,,
0,ct_fp_invert,sham,true,20efaa85595896ec91b1ef250cfff69e22e2a924d5b46eebd49f73e58a705a62,21cdd1ddead677f9d96848c9dc283c445f96fc1c561effc52e838b713142dd46,061a9088695231c5f743edf83a0980ec03e994b6a32faa722608ce34315a4e37,,,,,,,,1;0;0;0,1;1;0;0
0,ct_fp_invert,modest-left,false,d4dcf62aff756244c30494f1912c6b5582e48f6d5ac8bd209755b94e29bc24a1,58ac12a2f83b73335b0f01ef1ff85010dcd9f84363260941ec123288736082cf,b79d652e85b874557f6fff63365abd25db90e512774617833eb94403b21907e9,5d11f80f8e7aed23fcccdb7d850fee65854db41534188f45e78cadcbd5b47684,0000000000037960,613ba38d7e9341cbf63994c7d32fd2d9590354b5f166a1dcfc88bb325ffc5b75,87155,87163,871ef,timing_leaks::ct_fp_invert@87163,,
0,ct_fp_invert,modest-left,true,75771ee8141cbb8a2c3505806d660f27cd73b9325cce9572f33aaf7cf8ea161d,b1f0887bab0129cb3bf9c8cb199d80693f31e98cd127a73aa49ba7d17e6072be,9b151e09606ad29d37c5a1da85b4424064159265aa9668436de528afe1077a80,,,,,,,,1;0;16;0,1;1;0;0
0,ct_fp_invert,modest-right,false,21ca61179f215b2e70a5c311c1b2a2f29d8fb870b4cd4c742195ad87485d6b42,74613e8eaff88ae6124076b35ccd72c56ee34f64c76491fb4d52c6d2e59527da,1ea0a51f53757cfa2d4ecd944d7256f0a08a9174cc060494f80b3b3eebb47723,b8deb41645ce8ed0f2eb1702cf35614841bf6b03b4544c16c3f3079a61aa97cc,0000000000037960,ce1c48530e06d96172bb7042331f02f1250ddd61f0bb7141f0a13066fefeac62,87155,87163,871ef,timing_leaks::ct_fp_invert@87163,,
0,ct_fp_invert,modest-right,true,a9eb529e7ed1e9a03f532172c70e80b28fa1bcc94e6ce7f7d4152677542d867a,03dffd18fb4be8422443790ba1388ccc530fcd784fc7d4f527f6bdb04d60d01d,7879d380040c386f52da12bc02a4e7b12c41175ce676bf02d40ef85f1afc881f,,,,,,,,1;0;0;0,1;1;16;0
0,ct_fp_invert,gross-left,false,62be2c8c837af99116cc776270632f05e127970f6f08dcd1dc941896b2622303,431992f0d8a2a9989913d90d9f684cb3249d6b3d43c3a5226d4f9963fe463957,3c328c68d4437600565e74b67f469e549b0a04d9538a15df1e162eaa20cb98b4,cd94a14b0e549009232b96a82480b6df26bc3bbc05573a2201590322def67ab5,0000000000037960,4c9ce122cf035b22917417f06befc0ea8d908353bededaf12a67796ee68040f1,87155,87163,871ef,timing_leaks::ct_fp_invert@87163,,
0,ct_fp_invert,gross-left,true,dab85f9f83005f4f469943b213ca57196c74381e0e71e8105149585c86172d6d,ba5a34c92192caf72384316761ccf8d630d5582907a332156cbc880d25f7a711,0ffbcbe52a05b439b6ae2b59d0a2e460cd226fd568f9e0b78f9a97f5a6c256f2,,,,,,,,1;0;1024;0,1;1;0;0
0,ct_fp_invert,gross-right,false,2a7a9ffe7d84ad457ce7ae9def2d43c3227484b237864eb1ea8a9d51c8b35c05,41a32cb554a83f4f163b2efaab201f4ce46bd4310cf899fe0974c93a1469ecf3,fad5ed6169941d90c85f88e3069d7d5d1e34ed3200a9d18d3d9bbf3709985e88,d63d76b7b2ee57c5eac47ba1333fe1e7b781aeaf3e82da61e73fc70d92f355b7,0000000000037960,3ccd9c3fe1b036c3cdcf6419140b23ca361cc3a5be2b3e0dc7fb872e6152899b,87155,87163,871ef,timing_leaks::ct_fp_invert@87163,,
0,ct_fp_invert,gross-right,true,b472263623c872475f83615eb9e658d66b4a44c44b8ffa4b0891f8b79080c880,15aca1853bca2bf5e37223fbe21552d04d7b43282a3d9cb28ff75c89b4c7372a,cd9ecd520f3af966461605968a8815575b6b1ccea6018029d301b08cbde4fc2c,,,,,,,,1;0;0;0,1;1;1024;0
0,ct_sign_k_class,baseline,true,e172c4bb1c565bb2ff9921768d8b9b83d86ef1f17611b9f55df551f805a10028,ac17696ab8408d9ad7603200ef93df50cdee3437c6edffcf1fddb8a231f9acf3,eaf039630b2e157d818c31d7b7d0d7f541e40f1c6852e9e57e169685a5c68c67,,,,,,,,0;0;0;5,0;0;0;5
0,ct_sign_k_class,sham,false,fa8871191c6f78e0507c103ff008e2678e469cef9a24b41d8d198fbbebe9611b,8698c8d40c7af5ab802dc28c6225d13e65ee9691f056774b091632ba56eb36d6,3618146b62796b14cb7facfdce546de23451175a5c61a0824d5d9a05f216abd9,6d5cd19204e95a0468d59695ad248f739a00b66709d1c83f6250ca18112b4210,0000000000037940,bc5988e5191f9feb05ab6349ffe9a1c75062e962ce8f4f1d3f7a3589bb7b504b,8798e,88645,89e2a,timing_leaks::ct_sign_k_class@88645;timing_leaks::ct_sign@8cdf6,,
0,ct_sign_k_class,sham,true,ac0f8a1bc1ff53c4573d77b6626c5966edba72591ce8c5bf430fd29f7f4c76eb,2e2171f93e6d58756f07493fd285119aafb3c9544ec181e06dbd7a16c674a7dd,ab8c402dc22c88338694ccb2084cf7aa0385bbe6e9c163d4a32f95f909285c93,,,,,,,,2;0;0;5,2;2;0;5
0,ct_sign_k_class,modest-left,false,73237cef3a12236150bdc09825f6dfcd9a2c3b31612986b867c2aa98ffd49e4e,81fa1e5fc5a9d5fa64c28a8e81ed3342b5aa8d8307e30448468d28bee52ed364,ccee7d7d1ae1f1604d758b0ac6bfbb9cdadb5e3960cd557bc5d40eae9aa79d4a,faab52bec2465e01c7eca383f712a5e4723cb0f62c655ec0c6434d62713ce656,0000000000037970,766a7398170a38719d0340ac7a0c6fac79faf533cc235b872d3f7e6ff8b22c90,87e5e,88b15,8a2fa,timing_leaks::ct_sign_k_class@88b15;timing_leaks::ct_sign@8d2c6,,
0,ct_sign_k_class,modest-left,true,bc77756f76cc98671bcd705c6d1db026997e42256510c1baa0a2443004226672,df174684df9ca371895c160e0403233b15d777f71f48b441bd6819c2228c8f18,a4727a01917df114b33cbfebe2706b48e57805aef9a91fb481eca18de838de1a,,,,,,,,2;0;32;5,2;2;0;5
0,ct_sign_k_class,modest-right,false,4bb16e68a45871cf67ff9b121877c6b6b431979eae3dd5a396af89c0698bd256,905c7bd68b2a79498599612e14af7dc3810755473286c5cd1e791f72ad4387bd,b83e7b7a46a9d973bfa7879df655cc1534d3f25c16cd21da202be1d11e2361e1,017c2794eb09b168300a51c7b1364abdf45a705d29311d6bbd80c05773a814d5,0000000000037970,ab294d25a8e82adbe125ac5467d305b12b5cca0bb61d2f8b9b61af971d6cdec1,87e5e,88b15,8a2fa,timing_leaks::ct_sign_k_class@88b15;timing_leaks::ct_sign@8d2c6,,
0,ct_sign_k_class,modest-right,true,b441ab0e5091be1c7386641c7eb8e1f5e07933890250592f407774dcf1d7bb3a,380e92602f58519cb24cd51f8df34c2f1834f6dc4a57e59d1ba23164e5e3d206,e4cd3e213176d54b0548b83fccd38658764447b6e20896aef0d8ecbdf966f97c,,,,,,,,2;0;0;5,2;2;32;5
0,ct_sign_k_class,gross-left,false,5882f0fe49ba6545de88b0768291d5c094283caddea8d1a7cb72cb1e13bd467a,15e7cd2aaea132bbd50e054b9565194d3db158614b77eb5feda71617b229554a,89a4f12963f6ea8fd1b6ca7631923c31c7c76dc37973f846b362b949f70c4c7b,3847f2560514df227c5113d59cd98a722ab3ff085f5b7ba382a0bb323d1247e6,0000000000037970,618022d197b911b11e8a214cdffdef70a3b51eecdab97228f35e1f7a97bd2f53,87e5e,88b15,8a2fa,timing_leaks::ct_sign_k_class@88b15;timing_leaks::ct_sign@8d2c6,,
0,ct_sign_k_class,gross-left,true,6ec75e30b2235cab0330d052d0b692d3b9adc1c2ed771336ac163e32548a025e,b8114c9813b98f4e5c87eabbb22ff11ec599273e34b20533602adac6aa31eec8,951cdab58597c5eec010cb4e075184aa1375f2cb716af24fa7e1668d8710e387,,,,,,,,2;0;2048;5,2;2;0;5
0,ct_sign_k_class,gross-right,false,b47b612509734d424314d2aa0f2ee8bcf89acafaadc7ca65fb5b011f5e85249a,e99fa686db5efb1f2da8ec3378ea305ae64365e6c56ef65776bc1c75e2742864,c2e50fa824f07aec9a1e68f9a8c889c108da7a6c2cd993501337f70b701d1260,c091b559d23420c180635f4602069170b99776788616bb3ee6a86449a6f2ef41,0000000000037970,6be3e94e3b2b1084bdcccaa44476bb916ddb098e2b0ba809d4e3f7aeae7c09b1,87e5e,88b15,8a2fa,timing_leaks::ct_sign_k_class@88b15;timing_leaks::ct_sign@8d2c6,,
0,ct_sign_k_class,gross-right,true,276cbe43af7c3a3144f6b25d14b55630188a3564526ee6d642a15fcff2b21754,e8014f9d9fd4f984ac43763b8a96e0521a0fc34d9f4d83790676feccbac1f3b6,e12598fe3959588d0d24b0b6b3100f95892c57d38f3ec3d80deff2e019915971,,,,,,,,2;0;0;5,2;2;2048;5
0,ct_hmac_sm3,baseline,true,79f50e9e06d600eb8726f2f85b3b08a114421dd9447b213b198ae97176c053b4,4e98a04d5b02795b9eefd131f3763549c28e6d910a0220e883cbce777572f7c9,573d6e344daa2013cce484cd8cd67f0ca217f6be3555c24f42037b1d2f2c8989,,,,,,,,0;0;0;5,0;0;0;5
0,ct_hmac_sm3,sham,false,7a0e0ac4ef70d276703ce1f23c36ac946f30a6f8dd45389315511dc82786d393,92a8a1ebe6831118e0d7ed40f7114b51eead74e3608834e926f23082ad679f21,6afd958f6aba3a52023cec543773d7c5d8ac5ceb6e362ef6e6c0aa392b5bc3a2,f3e69b07e490b29b83f536b9d6d314898d674bf2df255477eead624a61d99736,0000000000037940,b8249f0f09cae39e070300b18794b60ab8f5659b029ffb9a321a4e60ea371546,86685,866ae,866b9,gmcrypto_core::hmac::hmac_sm3@436d6,,
0,ct_hmac_sm3,sham,true,8b4f9bb11f7d89a7e40c248639c2f5655b94b3ea88cc3d57d9591b36d652c4c5,2b4e776740e84d60c61622af90dcb08583f81a102e9d6ab1766ba2eed73e4c73,498b5dd3520c1fdd3d73b84e01425415a44e94ab686c0b6f35fa0d518fca4c3d,,,,,,,,1;0;0;5,1;1;0;5
0,ct_hmac_sm3,modest-left,false,e76c1abf384e6858920e1ab9bc24fa635d4cadad0c8d9d9ddf653a3ff8d3ce7b,7e32356000dddc0aee1bbbea6d643d8c18ca835b0083c849dc2e56559ab6a31a,779cd297e1fdfb125b855fb6c4806641ba557fc27109d68840088359b7cd7d3b,594e08a86406257eac09155edb300e6891bf179e8af4820ac1254188f6cb7b2e,0000000000037980,fb3d62efef6c40af3f041fa864db603b58c3c49c970b53b43bd21a205a3ae55f,86875,8689e,868a9,gmcrypto_core::hmac::hmac_sm3@438c6,,
0,ct_hmac_sm3,modest-left,true,603e92a0a5a39d754839a3c1afc86c502b30520c4786551d776be4b7892c838c,cc736db00e542ac2e52a1d0bdaf830ed9eb05e75ed548899adef3604d1b13674,28656fb22c1bdc77de83b34fdcb12ed5b69f88099765eca4ed7717d517e8999e,,,,,,,,1;0;1;6,1;1;0;5
0,ct_hmac_sm3,modest-right,false,11877a19b0bc870418f0209df6dd6a6c8dca7f1e8688424d2aef7b1bee70ef2f,e1099884f5a45c8851153ac96d72baf1f6b8e4b0a9ebb3142b6642657ec0a380,54d94702558b92b986a4346e240a10001cd15609600e4d726e3221ca8b420161,567e6c0a74fe4a4b05cc51544e16c0555f07c5cf8b5d8421debbfd00e49b560a,0000000000037980,10ca1158d4d1f6f777708f0d75771ce280070668f1785c39acd16664ff55700c,86875,8689e,868a9,gmcrypto_core::hmac::hmac_sm3@438c6,,
0,ct_hmac_sm3,modest-right,true,03791c4ab596da1c19a9dab02bd17195796b0aaa2f826737d4b5a3e39055c9c2,7de2c08c4d740ed752e32dd45bbe3ef1a6c31644c8c2ee22151a2faeb7fa8d30,97d7866136a1033176b5b4d3ef6105d487a835399dcb1234ac51a85767cf80eb,,,,,,,,1;0;0;5,1;1;1;6
0,ct_hmac_sm3,gross-left,false,998266effa8e72c505ad5ee876333808be2a8442cbc91c96e973ec31cb6915dc,e2803006cace14d73f09e685acaeb67e39795ce1c1e74bd7d65d4f8f5893d60c,4e75a85bc6bc01e5719e41b971b4b374050d9cc2855641c8982dbfe86cab3486,751b0d018554a6f9fa52852780aa78cd2c43b1c043503010d44fcf913f781492,0000000000037980,196092327a52c89c291ffc8cda13928a1b53708f29306930cc2ed7f88e96ff36,868a5,868ce,868d9,gmcrypto_core::hmac::hmac_sm3@438f6,,
0,ct_hmac_sm3,gross-left,true,7c34a815470f4c52384ed31565cdc17ab4f9a7482fd5d876a82690e0655f9340,40a9d59cd0e13b130a323c5c2179191b8e45c2e60c904bfda00147dcc8973733,b7348552aa11cdf1666c9b766e4487eb24367b092113e12148b92e33e73654c3,,,,,,,,1;0;64;69,1;1;0;5
0,ct_hmac_sm3,gross-right,false,377ef14dab72b5619f28cdcb07eb8bd7bd72e8a5b43a2dcd73dfbb6e71c588b7,f915b1119d0037d9e71ac2e89dbd19fd4c42e209bfabf158ddc49f6ed9266f4f,2fd305c343497cb40b653f28c2f47ab426762132d160457a486d9c4bdbe8a677,a786f34e0515cc73b6691aab4ffa8b1847ec41e2ee7a589e31d1f4ad6df1c4fa,0000000000037980,3a78848db28d7c18ecf4f89a5c132776f1f0ef67ebb3a342a3428f441a5ea7be,868a5,868ce,868d9,gmcrypto_core::hmac::hmac_sm3@438f6,,
0,ct_hmac_sm3,gross-right,true,9209792bd99cf738a420a8140ac5e0c080a10d0059fe7ee167ec43fd84e1c6af,d59c7acf917e00b027496b03a945f4a40d210d718df291088d496f3a8f1fd382,01b73fcbbd4925395e566e1fbdee61d735960ef1094f9e25cb023b8d1d75e60d,,,,,,,,1;0;0;5,1;1;64;69
1,ct_fn_invert,baseline,false,093b066d34ef4636c41d949b88b9c108d56d7fe3451ab8e9e6affbd2dc460d3c,e3b0c44298fc1c149afbf4c8996fb92427ae41e4649b934ca495991b7852b855,37517e5f3dc66819f61f5a7bb8ace1921282415f10551d2defa5c3eb0985b570,2f214d7a830a37aa621d1f08221b7c92df9f4a038ae1fa48c83c4c7081453662,,,,,,,,
1,ct_fn_invert,baseline,true,3af49e009e7a1cb0c539c9a174988bda02e9ceaaab2b64174bf7fa5ddac6fe75,952205fcdae78a309d939cac4785500f5c8c3e1f7ab7fbc10549942a23ccdb48,0a8dfb038802ff3eafa6b7d40d4435f13864a03ee7f467ca035806ead8a7998f,,,,,,,,0;0;0;0,0;0;0;0
1,ct_fn_invert,sham,false,63cf0970e44c35e691c7dab5b29ef5c748cf0959b5a91a025ce9d6bd13019866,08ecf1fe64b8807a8724f8373202d18fca9f233c07d2dcf6749b5d48dae47b5d,4db78e2c90c559438cbe33ac978ba85ff8cf431235a255d5b691d950dd58ec5c,ed3e10f64864e16549d6cdbd0dd42a5d01ce31827564b98ecc22972422a288dc,0000000000037830,bc5988e5191f9feb05ab6349ffe9a1c75062e962ce8f4f1d3f7a3589bb7b504b,86d66,86d73,86e08,timing_leaks::ct_fn_invert@86d73,,
1,ct_fn_invert,sham,true,36ab5ce741bd00e6c4e43329ac5ebb230ec992c6e6958ce32627dec4507a3376,28ec03de276cc1bc42bf7e470b827cb3fc3afbcb43d52f921df1641be2404d25,f78c9aec980d1eb31bbb783f7572fc5d2f6b39f5e51cbd452294a55a9019b72d,,,,,,,,1;0;0;0,1;1;0;0
1,ct_fn_invert,modest-left,false,4d82e84cf014cb5980228cc0d03b1239d91cf816c9304d765e8cb8e0fec252ab,46b94f46cb70cd193aee352d29bf2e6e2a0c2ea64b4dfcf8ff8456a1134cdc0e,dee454f7ff4365ab97b8e818b07a13ed671140f39a979edeca3d27f250631ec2,2c0ee2b30148e328c99aa8537b7c09518a8d0efc88d4bccdd9a91f0053cf95c1,0000000000037860,766a7398170a38719d0340ac7a0c6fac79faf533cc235b872d3f7e6ff8b22c90,87236,87243,872d8,timing_leaks::ct_fn_invert@87243,,
1,ct_fn_invert,modest-left,true,7bb88556406d3bb27aaf99b3523725b466767edaf3becf959ba088e3460891a1,239f045754f907540a3dc10b030264daaf7ca3edcba51ad410e7b38647bf958d,b9e8dd63354075d14b325b0e4867bc26dfcd8d6e4cda2c38be20fd4eee0ff3cf,,,,,,,,1;0;16;0,1;1;0;0
1,ct_fn_invert,modest-right,false,92ffb44daa8c019fa914df3b44f111ed2ffa8a83a935fdcf922ec729661f3657,19b0400068c005b4a8e89ae9b8e4b2038d7182d28254063e07b167531300eada,0ec2a4503ada0433b68f45a015f66e2ed605d5b2a5645181c7782ab45a64bba6,977b41db4233e8e047459a5f7008f9dc7ad714dde60de0d8a5b042274ad44851,0000000000037860,ab294d25a8e82adbe125ac5467d305b12b5cca0bb61d2f8b9b61af971d6cdec1,87236,87243,872d8,timing_leaks::ct_fn_invert@87243,,
1,ct_fn_invert,modest-right,true,767b297b6e431910c9a65376d3c22cb1ee9cc36f766bd860a9002aa5bd25c56d,1ff6c39c6a1756e70542b60b0b85162b7478f2659ce7b81f8dae45d741907c06,8c158ebfb94906879e3f52050a1aedb0a0d55c1b7732312afd87e09ff4d78831,,,,,,,,1;0;0;0,1;1;16;0
1,ct_fn_invert,gross-left,false,f75fa6553a0fa5a25b57370e5bcf1a6dd57f43b01d5cb03f7436abd3f159d04a,673ccfc130fe5942315d148298e79f828bdecf309c4e2a005d4036dd4e9707ba,d6e60f6ce6d3104ccb30dc16aa2a39d73251d188414916c658b41259be23e80c,d5187f3626fb92d60f027c157326c9db3c46302c13cf7f920becdfbc4ac05945,0000000000037860,618022d197b911b11e8a214cdffdef70a3b51eecdab97228f35e1f7a97bd2f53,87236,87243,872d8,timing_leaks::ct_fn_invert@87243,,
1,ct_fn_invert,gross-left,true,037e7c08c454c3b2f24a63b304a42381ce8ae4572ea86171a6770e559a987529,55795293f3ba1b65bbfefc641283f60964554c120a992882df172e7b44bbe1b7,1ac2271cdf66d679dad29a76ad190170b4c4972d11854243e6f93a522f77e4ba,,,,,,,,1;0;1024;0,1;1;0;0
1,ct_fn_invert,gross-right,false,687fc584029cb8270785cd1d32b5ae95b6096c867285fb45cf5916c8e4b85037,05482436785abc8618eea490710e48c21fa7063f9a2737876978f0547f9a86cf,6732c1c49bdd617a6b444a8ba0311929bf45150248da9b88488d3dd2ba763c41,09716b4cc857bac557fb5d1b649e3d1875927e1ded12443ef59ecfdcb6d18501,0000000000037860,6be3e94e3b2b1084bdcccaa44476bb916ddb098e2b0ba809d4e3f7aeae7c09b1,87236,87243,872d8,timing_leaks::ct_fn_invert@87243,,
1,ct_fn_invert,gross-right,true,1491a322f2ed6cba3e52adf650b7b61c3b5412fe61323c8abf4344ccfe890e81,6645942218d34ef7bb3c42e263b8c8f453a3a25ca700cbd6f9e723151da369f1,819c890d81da83b3d90e389728627c3a9f14b433a1a0c681f0752b3254f09bc2,,,,,,,,1;0;0;0,1;1;1024;0
1,ct_fp_invert,baseline,true,4eb173c1f594a948855e6b1523f2b05b658b1e94f003dd035d40769392b4d75b,f80a4f6c7bb1891391a491f12e3e95197ec8d68a799ed266750907db485a94ea,78f081e56f11a75c5df4386ecbee1755f815466833b4dcff1c886b4e6a816e4a,,,,,,,,0;0;0;0,0;0;0;0
1,ct_fp_invert,sham,false,a29d712b88f68fbc378329f79fda185651d09a02a45c21f98cdbfefd041c1b7a,da2649b50fee0fb8046a32f5ebbf8060f7d0e75d57be5124a9e9b402847cb31e,8f5365e390438d9572cc52236d917dd4e59f090fa1aa1d6d870fd7b57b37ba89,ff31e02f396a7e525c2c01de59461f2c84319449dad000b5644d40eebb2f50d6,0000000000037860,f0a9160769136def161cab1eaa765b693d375aab48e22d25d4acd14568f58c49,871b5,871c3,8724f,timing_leaks::ct_fp_invert@871c3,,
1,ct_fp_invert,sham,true,f6ce0aed12129843a728443818e1a713135e58c928d2b03b83a8cf9bb2e7e3b9,21cdd1ddead677f9d96848c9dc283c445f96fc1c561effc52e838b713142dd46,061a9088695231c5f743edf83a0980ec03e994b6a32faa722608ce34315a4e37,,,,,,,,1;0;0;0,1;1;0;0
1,ct_fp_invert,modest-left,false,59cbfc74480d5304000b7ec4cbe54ced6dc74a342a974225bf60c3e8c8973345,58ac12a2f83b73335b0f01ef1ff85010dcd9f84363260941ec123288736082cf,b79d652e85b874557f6fff63365abd25db90e512774617833eb94403b21907e9,c7ce3af3a170f9446fc628743cd2b99eb6f21f2ea25030e50f6436d26c1aade3,0000000000037860,613ba38d7e9341cbf63994c7d32fd2d9590354b5f166a1dcfc88bb325ffc5b75,87585,87593,8761f,timing_leaks::ct_fp_invert@87593,,
1,ct_fp_invert,modest-left,true,9f0440832c746297b629b4e4e08d62d0c4f04abb305eed28c3d2bf90b7c28d3d,b1f0887bab0129cb3bf9c8cb199d80693f31e98cd127a73aa49ba7d17e6072be,9b151e09606ad29d37c5a1da85b4424064159265aa9668436de528afe1077a80,,,,,,,,1;0;16;0,1;1;0;0
1,ct_fp_invert,modest-right,false,54a82c399f42708cbe3223bdb82fb295afe2aa65baad1092285d6cb95dff7bfb,74613e8eaff88ae6124076b35ccd72c56ee34f64c76491fb4d52c6d2e59527da,1ea0a51f53757cfa2d4ecd944d7256f0a08a9174cc060494f80b3b3eebb47723,19c1fe69250e2f45e45104933425703705835886d54ba6269104f95ce43cee24,0000000000037860,ce1c48530e06d96172bb7042331f02f1250ddd61f0bb7141f0a13066fefeac62,87585,87593,8761f,timing_leaks::ct_fp_invert@87593,,
1,ct_fp_invert,modest-right,true,cc12b8528c5ecdf5a3c85669654345b18ddf290b7f4774b084aca0fb5485be55,03dffd18fb4be8422443790ba1388ccc530fcd784fc7d4f527f6bdb04d60d01d,7879d380040c386f52da12bc02a4e7b12c41175ce676bf02d40ef85f1afc881f,,,,,,,,1;0;0;0,1;1;16;0
1,ct_fp_invert,gross-left,false,4a9ab14fa6ce8d2aae631907a33a5513c828acfd4d217e587c4c8d3fda5bee0b,431992f0d8a2a9989913d90d9f684cb3249d6b3d43c3a5226d4f9963fe463957,3c328c68d4437600565e74b67f469e549b0a04d9538a15df1e162eaa20cb98b4,cb62599a2f9f36784e8c334cdac86ab0c9312befca2b9a0ed2a01e2ffb3edbc3,0000000000037860,4c9ce122cf035b22917417f06befc0ea8d908353bededaf12a67796ee68040f1,87585,87593,8761f,timing_leaks::ct_fp_invert@87593,,
1,ct_fp_invert,gross-left,true,e570a4dc6984e633e06e4076d0def000a1df25f85c71f44245e7c9d03673bc8d,ba5a34c92192caf72384316761ccf8d630d5582907a332156cbc880d25f7a711,0ffbcbe52a05b439b6ae2b59d0a2e460cd226fd568f9e0b78f9a97f5a6c256f2,,,,,,,,1;0;1024;0,1;1;0;0
1,ct_fp_invert,gross-right,false,c5aa589391317acd4997879a0e44b272bc561e3f8cfb9160dc0ac9eb057a7afe,41a32cb554a83f4f163b2efaab201f4ce46bd4310cf899fe0974c93a1469ecf3,fad5ed6169941d90c85f88e3069d7d5d1e34ed3200a9d18d3d9bbf3709985e88,62cb26b86b0e0202a55130bec72be987be77301fda53e3987dcca02cb1612633,0000000000037860,3ccd9c3fe1b036c3cdcf6419140b23ca361cc3a5be2b3e0dc7fb872e6152899b,87585,87593,8761f,timing_leaks::ct_fp_invert@87593,,
1,ct_fp_invert,gross-right,true,06c2dc805935fe85677befec50db321af2a1d428abc82eb1d758a62edc644c3d,15aca1853bca2bf5e37223fbe21552d04d7b43282a3d9cb28ff75c89b4c7372a,cd9ecd520f3af966461605968a8815575b6b1ccea6018029d301b08cbde4fc2c,,,,,,,,1;0;0;0,1;1;1024;0
1,ct_sign_k_class,baseline,true,f4b129f5f24762cad31f4d9c1767e19ff49bbbb093c69fc23599fa1fc1b78cdc,ac17696ab8408d9ad7603200ef93df50cdee3437c6edffcf1fddb8a231f9acf3,eaf039630b2e157d818c31d7b7d0d7f541e40f1c6852e9e57e169685a5c68c67,,,,,,,,0;0;0;5,0;0;0;5
1,ct_sign_k_class,sham,false,306fc91c81dc851aaba2bbdab33a08dc63c55da5f3f09154faf7641e39355907,8698c8d40c7af5ab802dc28c6225d13e65ee9691f056774b091632ba56eb36d6,3618146b62796b14cb7facfdce546de23451175a5c61a0824d5d9a05f216abd9,eb01f6e30f0a34152ca2dd518f7cfbb69a07681094733948f0184b9e10fb9739,0000000000037830,bc5988e5191f9feb05ab6349ffe9a1c75062e962ce8f4f1d3f7a3589bb7b504b,87dae,88a65,8a24a,timing_leaks::ct_sign_k_class@88a65;timing_leaks::ct_sign@8d176,,
1,ct_sign_k_class,sham,true,7b543aa725cd4d6e21c2e86d0e00c809c2e3d29dd8d5e02e4e5a1bb3bcf66f9d,2e2171f93e6d58756f07493fd285119aafb3c9544ec181e06dbd7a16c674a7dd,ab8c402dc22c88338694ccb2084cf7aa0385bbe6e9c163d4a32f95f909285c93,,,,,,,,2;0;0;5,2;2;0;5
1,ct_sign_k_class,modest-left,false,c0c643d3abfa959937736be55bd80cbc0cb410c2b30e400ded752c845fa5e443,81fa1e5fc5a9d5fa64c28a8e81ed3342b5aa8d8307e30448468d28bee52ed364,ccee7d7d1ae1f1604d758b0ac6bfbb9cdadb5e3960cd557bc5d40eae9aa79d4a,c83d12a897ad2fd2350bf482440112a6e93e37c11b1dab58af0e511642d91dd2,0000000000037860,766a7398170a38719d0340ac7a0c6fac79faf533cc235b872d3f7e6ff8b22c90,8827e,88f35,8a71a,timing_leaks::ct_sign_k_class@88f35;timing_leaks::ct_sign@8d646,,
1,ct_sign_k_class,modest-left,true,af8eb0332e7ee6cd52a872645f0895c2725f30c07f06ddf93c836810e0a7d16d,df174684df9ca371895c160e0403233b15d777f71f48b441bd6819c2228c8f18,a4727a01917df114b33cbfebe2706b48e57805aef9a91fb481eca18de838de1a,,,,,,,,2;0;32;5,2;2;0;5
1,ct_sign_k_class,modest-right,false,7c827bbafcf4c92e881ce92a4b80df5e2b3ff2c5cb6d43ce71de515b2891482a,905c7bd68b2a79498599612e14af7dc3810755473286c5cd1e791f72ad4387bd,b83e7b7a46a9d973bfa7879df655cc1534d3f25c16cd21da202be1d11e2361e1,ada97b0bd5ecad26fac8d5f387381b60c653d258c8383cbb66bbeade11861185,0000000000037860,ab294d25a8e82adbe125ac5467d305b12b5cca0bb61d2f8b9b61af971d6cdec1,8827e,88f35,8a71a,timing_leaks::ct_sign_k_class@88f35;timing_leaks::ct_sign@8d646,,
1,ct_sign_k_class,modest-right,true,dc1df91d226593529d55d1cd427dea6bb96f383a469e0384c91b9fb8b0a3953b,380e92602f58519cb24cd51f8df34c2f1834f6dc4a57e59d1ba23164e5e3d206,e4cd3e213176d54b0548b83fccd38658764447b6e20896aef0d8ecbdf966f97c,,,,,,,,2;0;0;5,2;2;32;5
1,ct_sign_k_class,gross-left,false,d724ec75fa4b2a1872bf3d504a094273e023f354c1a7d8267641731dbfca9333,15e7cd2aaea132bbd50e054b9565194d3db158614b77eb5feda71617b229554a,89a4f12963f6ea8fd1b6ca7631923c31c7c76dc37973f846b362b949f70c4c7b,f7d19cb22c43ac4cc664e3933bdf37303e37fe77faa0e4975c0f8d059338ae0b,0000000000037860,618022d197b911b11e8a214cdffdef70a3b51eecdab97228f35e1f7a97bd2f53,8827e,88f35,8a71a,timing_leaks::ct_sign_k_class@88f35;timing_leaks::ct_sign@8d646,,
1,ct_sign_k_class,gross-left,true,143b1f6efbe830ae89c847af35a26b7001a3ec50275d5a4cea47c97648729caa,b8114c9813b98f4e5c87eabbb22ff11ec599273e34b20533602adac6aa31eec8,951cdab58597c5eec010cb4e075184aa1375f2cb716af24fa7e1668d8710e387,,,,,,,,2;0;2048;5,2;2;0;5
1,ct_sign_k_class,gross-right,false,b4814a48c8f4fbe36e9095e188b6bf71b878368b96fc4a56e023d11d8c00065f,e99fa686db5efb1f2da8ec3378ea305ae64365e6c56ef65776bc1c75e2742864,c2e50fa824f07aec9a1e68f9a8c889c108da7a6c2cd993501337f70b701d1260,b75987a3522004a080131254652dd830308c8c896f3c80a64ea41402d5eb6a74,0000000000037860,6be3e94e3b2b1084bdcccaa44476bb916ddb098e2b0ba809d4e3f7aeae7c09b1,8827e,88f35,8a71a,timing_leaks::ct_sign_k_class@88f35;timing_leaks::ct_sign@8d646,,
1,ct_sign_k_class,gross-right,true,ca23c9e2b6081b0fe2f0d9784820009d3d4f3caa8be70bc45eae786437e7b4aa,e8014f9d9fd4f984ac43763b8a96e0521a0fc34d9f4d83790676feccbac1f3b6,e12598fe3959588d0d24b0b6b3100f95892c57d38f3ec3d80deff2e019915971,,,,,,,,2;0;0;5,2;2;2048;5
1,ct_hmac_sm3,baseline,true,48151dd66acf743e0080ab4ee7759a43b9286cc06692f5710b538835b451c496,4e98a04d5b02795b9eefd131f3763549c28e6d910a0220e883cbce777572f7c9,573d6e344daa2013cce484cd8cd67f0ca217f6be3555c24f42037b1d2f2c8989,,,,,,,,0;0;0;5,0;0;0;5
1,ct_hmac_sm3,sham,false,187807f27ea1654fbb86ff851e1c310c842fc551080b777e48015be6a0b1c8c7,92a8a1ebe6831118e0d7ed40f7114b51eead74e3608834e926f23082ad679f21,6afd958f6aba3a52023cec543773d7c5d8ac5ceb6e362ef6e6c0aa392b5bc3a2,a7492cc362d7941ef8c039333109c87e3cedbfd2390c26b16c7698027c120db5,0000000000037830,b8249f0f09cae39e070300b18794b60ab8f5659b029ffb9a321a4e60ea371546,86aa5,86ace,86ad9,gmcrypto_core::hmac::hmac_sm3@43af6,,
1,ct_hmac_sm3,sham,true,125dab5fb7317dbc713cb9f8eedec173c767dbd919e27d748f525629a4f9bd91,2b4e776740e84d60c61622af90dcb08583f81a102e9d6ab1766ba2eed73e4c73,498b5dd3520c1fdd3d73b84e01425415a44e94ab686c0b6f35fa0d518fca4c3d,,,,,,,,1;0;0;5,1;1;0;5
1,ct_hmac_sm3,modest-left,false,319711c97738c9000c456c37bcd7b6c2d37a3963fa7b44f35e2e221b373daa8f,7e32356000dddc0aee1bbbea6d643d8c18ca835b0083c849dc2e56559ab6a31a,779cd297e1fdfb125b855fb6c4806641ba557fc27109d68840088359b7cd7d3b,690eb86bce7740163377afa6feea7132f43577ec82d56809baa830e86971f8d9,0000000000037870,fb3d62efef6c40af3f041fa864db603b58c3c49c970b53b43bd21a205a3ae55f,86c95,86cbe,86cc9,gmcrypto_core::hmac::hmac_sm3@43ce6,,
1,ct_hmac_sm3,modest-left,true,cd6e8746ca5ec025082db478de6e192fc7157e342d05b218565d85785cef83a9,cc736db00e542ac2e52a1d0bdaf830ed9eb05e75ed548899adef3604d1b13674,28656fb22c1bdc77de83b34fdcb12ed5b69f88099765eca4ed7717d517e8999e,,,,,,,,1;0;1;6,1;1;0;5
1,ct_hmac_sm3,modest-right,false,6e2773773cdcf2af2c9228ef843e16a11aaf684df99f28bb5750041ffe52d02f,e1099884f5a45c8851153ac96d72baf1f6b8e4b0a9ebb3142b6642657ec0a380,54d94702558b92b986a4346e240a10001cd15609600e4d726e3221ca8b420161,96d5eaffa804df58b9845e3990f9986858490f6258f2f26bb9c2bef11ecb9292,0000000000037870,10ca1158d4d1f6f777708f0d75771ce280070668f1785c39acd16664ff55700c,86c95,86cbe,86cc9,gmcrypto_core::hmac::hmac_sm3@43ce6,,
1,ct_hmac_sm3,modest-right,true,023742cf97e388a5396c737b8221a0e3ffba5259e8a16e8d399203c87a5b7f93,7de2c08c4d740ed752e32dd45bbe3ef1a6c31644c8c2ee22151a2faeb7fa8d30,97d7866136a1033176b5b4d3ef6105d487a835399dcb1234ac51a85767cf80eb,,,,,,,,1;0;0;5,1;1;1;6
1,ct_hmac_sm3,gross-left,false,2c1391f403e0fe3e60239ffc2134ab40bd3a1a91a6325740b5f5b7ee34a7c179,e2803006cace14d73f09e685acaeb67e39795ce1c1e74bd7d65d4f8f5893d60c,4e75a85bc6bc01e5719e41b971b4b374050d9cc2855641c8982dbfe86cab3486,df8e27941a0b9a2f3b9f3db66f8c2d3b8ccfe4705cedc544c3df5cbb97286357,0000000000037880,196092327a52c89c291ffc8cda13928a1b53708f29306930cc2ed7f88e96ff36,86cd5,86cfe,86d09,gmcrypto_core::hmac::hmac_sm3@43d26,,
1,ct_hmac_sm3,gross-left,true,b9adf0ff64212739d395eae84453d2a61331b4a56d2f41d6beb6d70a965284db,40a9d59cd0e13b130a323c5c2179191b8e45c2e60c904bfda00147dcc8973733,b7348552aa11cdf1666c9b766e4487eb24367b092113e12148b92e33e73654c3,,,,,,,,1;0;64;69,1;1;0;5
1,ct_hmac_sm3,gross-right,false,a83789959dca6ddaf41d97c14e196b6898a9e396bf39d8497d1cd4bd132b5b4e,f915b1119d0037d9e71ac2e89dbd19fd4c42e209bfabf158ddc49f6ed9266f4f,2fd305c343497cb40b653f28c2f47ab426762132d160457a486d9c4bdbe8a677,dbf99c14c0bb18640c044f10996d28ef7abae630cae632df50709971e2c05afa,0000000000037880,3a78848db28d7c18ecf4f89a5c132776f1f0ef67ebb3a342a3428f441a5ea7be,86cd5,86cfe,86d09,gmcrypto_core::hmac::hmac_sm3@43d26,,
1,ct_hmac_sm3,gross-right,true,82e6a39b3fbc32d0d57698c111b66e05f13c6b11eabb5a206f74d23ef38abfd2,d59c7acf917e00b027496b03a945f4a40d210d718df291088d496f3a8f1fd382,01b73fcbbd4925395e566e1fbdee61d735960ef1094f9e25cb023b8d1d75e60d,,,,,,,,1;0;0;5,1;1;64;69
2,ct_fn_invert,baseline,false,93aae53ded0ffbd590e0ca85b7d5929ae67348974076a1e7afa8262f0be68e2b,e3b0c44298fc1c149afbf4c8996fb92427ae41e4649b934ca495991b7852b855,37517e5f3dc66819f61f5a7bb8ace1921282415f10551d2defa5c3eb0985b570,ad0c917dead49136aeef411fb53079800cea91f6617512c3a0809b5882d0318e,,,,,,,,
2,ct_fn_invert,baseline,true,de29e9263bad705858d0f35ca96c5ab793c4ca510810f5213ef47661c7445b57,952205fcdae78a309d939cac4785500f5c8c3e1f7ab7fbc10549942a23ccdb48,0a8dfb038802ff3eafa6b7d40d4435f13864a03ee7f467ca035806ead8a7998f,,,,,,,,0;0;0;0,0;0;0;0
2,ct_fn_invert,sham,false,fba18567085d00856fd1324befd741174a001525e0f4c3cdb40e4554cf2f1fcf,08ecf1fe64b8807a8724f8373202d18fca9f233c07d2dcf6749b5d48dae47b5d,4db78e2c90c559438cbe33ac978ba85ff8cf431235a255d5b691d950dd58ec5c,ea0c57ec99fe3f8a2cee6bbed4012bd2f14e55dc339415d14736ab0baffd9bf6,0000000000038130,bc5988e5191f9feb05ab6349ffe9a1c75062e962ce8f4f1d3f7a3589bb7b504b,8a636,8a643,8a6d8,timing_leaks::ct_fn_invert@8a643,,
2,ct_fn_invert,sham,true,53a8b1c00f5f3ea9aa82f67e584b9c1c0151581c99cf37be96d5860312dfebed,28ec03de276cc1bc42bf7e470b827cb3fc3afbcb43d52f921df1641be2404d25,f78c9aec980d1eb31bbb783f7572fc5d2f6b39f5e51cbd452294a55a9019b72d,,,,,,,,1;0;0;0,1;1;0;0
2,ct_fn_invert,modest-left,false,f4b69a963d4c5090121bb64c3686d80198d72276a4975fa74b8b82720a71090a,46b94f46cb70cd193aee352d29bf2e6e2a0c2ea64b4dfcf8ff8456a1134cdc0e,dee454f7ff4365ab97b8e818b07a13ed671140f39a979edeca3d27f250631ec2,159bb1031d10a132782e8f1243ca9e7be22f50775ae3912e97cf83697decb006,0000000000038160,766a7398170a38719d0340ac7a0c6fac79faf533cc235b872d3f7e6ff8b22c90,8ab06,8ab13,8aba8,timing_leaks::ct_fn_invert@8ab13,,
2,ct_fn_invert,modest-left,true,5c7b9ad693ca546c5efdde206836e483c9776b94d2681d8c7763e1b03d4ff09a,239f045754f907540a3dc10b030264daaf7ca3edcba51ad410e7b38647bf958d,b9e8dd63354075d14b325b0e4867bc26dfcd8d6e4cda2c38be20fd4eee0ff3cf,,,,,,,,1;0;16;0,1;1;0;0
2,ct_fn_invert,modest-right,false,19df1c78b1903084cb0659ca17943daf8bfd3977f7defb1f8c178eca44e06d90,19b0400068c005b4a8e89ae9b8e4b2038d7182d28254063e07b167531300eada,0ec2a4503ada0433b68f45a015f66e2ed605d5b2a5645181c7782ab45a64bba6,20b2059a0abf720518bfccc6692c2e40f81a996ad012301afe6d7dcefa2bfd99,0000000000038160,ab294d25a8e82adbe125ac5467d305b12b5cca0bb61d2f8b9b61af971d6cdec1,8ab06,8ab13,8aba8,timing_leaks::ct_fn_invert@8ab13,,
2,ct_fn_invert,modest-right,true,f36bf5041124175b77e1ef6be9a97bb394f5fb6ca8fc9e53b495025cb1a4a580,1ff6c39c6a1756e70542b60b0b85162b7478f2659ce7b81f8dae45d741907c06,8c158ebfb94906879e3f52050a1aedb0a0d55c1b7732312afd87e09ff4d78831,,,,,,,,1;0;0;0,1;1;16;0
2,ct_fn_invert,gross-left,false,396388ca19c815d978b035511694e8ec48bf99a00e709776b5982768aa7e317e,673ccfc130fe5942315d148298e79f828bdecf309c4e2a005d4036dd4e9707ba,d6e60f6ce6d3104ccb30dc16aa2a39d73251d188414916c658b41259be23e80c,6b3f4d883b4a7d10a9ec37b6a97d31b0b0306a453b2d7c6b61663e2ebc6c73f9,0000000000038160,618022d197b911b11e8a214cdffdef70a3b51eecdab97228f35e1f7a97bd2f53,8ab06,8ab13,8aba8,timing_leaks::ct_fn_invert@8ab13,,
2,ct_fn_invert,gross-left,true,0d57cf57cdee96fa0736e8b441d6e1eb650cacc2d2996f934bbda41dc5574685,55795293f3ba1b65bbfefc641283f60964554c120a992882df172e7b44bbe1b7,1ac2271cdf66d679dad29a76ad190170b4c4972d11854243e6f93a522f77e4ba,,,,,,,,1;0;1024;0,1;1;0;0
2,ct_fn_invert,gross-right,false,3f30cc973cfa8dac4b9bc84bae83736978e7b74a4340ed93808cc0527ebf8604,05482436785abc8618eea490710e48c21fa7063f9a2737876978f0547f9a86cf,6732c1c49bdd617a6b444a8ba0311929bf45150248da9b88488d3dd2ba763c41,56f45f618a3d3da4d906c688e19812573fedd15989d0cee7c4049fae1c87a063,0000000000038160,6be3e94e3b2b1084bdcccaa44476bb916ddb098e2b0ba809d4e3f7aeae7c09b1,8ab06,8ab13,8aba8,timing_leaks::ct_fn_invert@8ab13,,
2,ct_fn_invert,gross-right,true,bbd7277c81ca1b386607564527f805f6b09a0d60f0b8eb8ae2f7247aa8a917e8,6645942218d34ef7bb3c42e263b8c8f453a3a25ca700cbd6f9e723151da369f1,819c890d81da83b3d90e389728627c3a9f14b433a1a0c681f0752b3254f09bc2,,,,,,,,1;0;0;0,1;1;1024;0
2,ct_fp_invert,baseline,true,2e3ae99f92c4d0ec36c3b67444f9eb3e505479cc5cea2c52baabe17708144a20,f80a4f6c7bb1891391a491f12e3e95197ec8d68a799ed266750907db485a94ea,78f081e56f11a75c5df4386ecbee1755f815466833b4dcff1c886b4e6a816e4a,,,,,,,,0;0;0;0,0;0;0;0
2,ct_fp_invert,sham,false,c30c020725e894b3763317089ad74be82dd81b4e9c1d522571cb93392bb95954,da2649b50fee0fb8046a32f5ebbf8060f7d0e75d57be5124a9e9b402847cb31e,8f5365e390438d9572cc52236d917dd4e59f090fa1aa1d6d870fd7b57b37ba89,5c769b00f57a26ca8a742c6f51d1511eaf408f8e5c57ea8fb2a63d0d489cb5bc,0000000000038150,f0a9160769136def161cab1eaa765b693d375aab48e22d25d4acd14568f58c49,8aa75,8aa83,8ab0f,timing_leaks::ct_fp_invert@8aa83,,
2,ct_fp_invert,sham,true,96b4f9fce2f41c45c1fbfc8d2dc2993159d05bb4c95539422bbf6448d457b729,21cdd1ddead677f9d96848c9dc283c445f96fc1c561effc52e838b713142dd46,061a9088695231c5f743edf83a0980ec03e994b6a32faa722608ce34315a4e37,,,,,,,,1;0;0;0,1;1;0;0
2,ct_fp_invert,modest-left,false,0b4d2b55337ec18ef75abd8a3e02dc52f95331386d3eabef0170bd3fa3fba77d,58ac12a2f83b73335b0f01ef1ff85010dcd9f84363260941ec123288736082cf,b79d652e85b874557f6fff63365abd25db90e512774617833eb94403b21907e9,959485dfe20890c47d8d397078ef8edca5c328e7f63d155c18d0feb20102b8eb,0000000000038150,613ba38d7e9341cbf63994c7d32fd2d9590354b5f166a1dcfc88bb325ffc5b75,8ae45,8ae53,8aedf,timing_leaks::ct_fp_invert@8ae53,,
2,ct_fp_invert,modest-left,true,ba306f6cb62249421a1bdfae538470e4a5f993e181a08d0c832c3005579e4e41,b1f0887bab0129cb3bf9c8cb199d80693f31e98cd127a73aa49ba7d17e6072be,9b151e09606ad29d37c5a1da85b4424064159265aa9668436de528afe1077a80,,,,,,,,1;0;16;0,1;1;0;0
2,ct_fp_invert,modest-right,false,eebe8bbc92365c7557fbd40475c7a200f4da8d1befb49d07b073a6ff0c8697e7,74613e8eaff88ae6124076b35ccd72c56ee34f64c76491fb4d52c6d2e59527da,1ea0a51f53757cfa2d4ecd944d7256f0a08a9174cc060494f80b3b3eebb47723,1ad38ca9dc146af5f38ba3d3acac6122774ab50daf504fcc119b85897b801cf0,0000000000038150,ce1c48530e06d96172bb7042331f02f1250ddd61f0bb7141f0a13066fefeac62,8ae45,8ae53,8aedf,timing_leaks::ct_fp_invert@8ae53,,
2,ct_fp_invert,modest-right,true,dc0c888ecb25b62b0dfaabdc477a9cd8e65d6267e26cdeb630de88a234a3e5ae,03dffd18fb4be8422443790ba1388ccc530fcd784fc7d4f527f6bdb04d60d01d,7879d380040c386f52da12bc02a4e7b12c41175ce676bf02d40ef85f1afc881f,,,,,,,,1;0;0;0,1;1;16;0
2,ct_fp_invert,gross-left,false,e5b261f1b37672384b925a98ba704a0383f1155d8270a2e6ff1a19a3284d5323,431992f0d8a2a9989913d90d9f684cb3249d6b3d43c3a5226d4f9963fe463957,3c328c68d4437600565e74b67f469e549b0a04d9538a15df1e162eaa20cb98b4,ceeff588ef02de70044c4514d75a515d0df63ce34312af1fb30859034fda77fd,0000000000038150,4c9ce122cf035b22917417f06befc0ea8d908353bededaf12a67796ee68040f1,8ae45,8ae53,8aedf,timing_leaks::ct_fp_invert@8ae53,,
2,ct_fp_invert,gross-left,true,51accf2bb4fd0f102d0ea3ffca5969b7e3646f26c7d45ec67a78ceaecfed0bed,ba5a34c92192caf72384316761ccf8d630d5582907a332156cbc880d25f7a711,0ffbcbe52a05b439b6ae2b59d0a2e460cd226fd568f9e0b78f9a97f5a6c256f2,,,,,,,,1;0;1024;0,1;1;0;0
2,ct_fp_invert,gross-right,false,0bd2ad10abc41d8d9a675f5428f64b2b0defd88967e06acab50418c08d6ffc50,41a32cb554a83f4f163b2efaab201f4ce46bd4310cf899fe0974c93a1469ecf3,fad5ed6169941d90c85f88e3069d7d5d1e34ed3200a9d18d3d9bbf3709985e88,1680b481c90b944482d968338cdbd58a3f0df6c80047ef532259eb040dd08d3d,0000000000038150,3ccd9c3fe1b036c3cdcf6419140b23ca361cc3a5be2b3e0dc7fb872e6152899b,8ae45,8ae53,8aedf,timing_leaks::ct_fp_invert@8ae53,,
2,ct_fp_invert,gross-right,true,a53ad82dce487fa872f008dd0d7210149ab6002462f60cf958aee140230db331,15aca1853bca2bf5e37223fbe21552d04d7b43282a3d9cb28ff75c89b4c7372a,cd9ecd520f3af966461605968a8815575b6b1ccea6018029d301b08cbde4fc2c,,,,,,,,1;0;0;0,1;1;1024;0
2,ct_sign_k_class,baseline,true,bc461cc49e2aa9ae930c93aee34f6a7da34e8fbfdaa1e37f4107175c614a6d18,ac17696ab8408d9ad7603200ef93df50cdee3437c6edffcf1fddb8a231f9acf3,eaf039630b2e157d818c31d7b7d0d7f541e40f1c6852e9e57e169685a5c68c67,,,,,,,,0;0;0;5,0;0;0;5
2,ct_sign_k_class,sham,false,3e9c83fa71dbc7c0464fc7d512ca9328ea755d8f64e983fc9699fccbb80aea96,8698c8d40c7af5ab802dc28c6225d13e65ee9691f056774b091632ba56eb36d6,3618146b62796b14cb7facfdce546de23451175a5c61a0824d5d9a05f216abd9,2be8795b7e0ce78111b7dc07d2733a466a13fa9c34b15325d13ca33696cff7d1,0000000000038130,bc5988e5191f9feb05ab6349ffe9a1c75062e962ce8f4f1d3f7a3589bb7b504b,8b67e,8c335,8db1a,timing_leaks::ct_sign_k_class@8c335;timing_leaks::ct_sign@90f96,,
2,ct_sign_k_class,sham,true,bfa169a83094e98f90cf3a76c6b78aaffade2a2af6084fccc85f0981da8cd306,2e2171f93e6d58756f07493fd285119aafb3c9544ec181e06dbd7a16c674a7dd,ab8c402dc22c88338694ccb2084cf7aa0385bbe6e9c163d4a32f95f909285c93,,,,,,,,2;0;0;5,2;2;0;5
2,ct_sign_k_class,modest-left,false,cd81cbc37e9b681fe29250cd376e6d2781b460f5dd113d90eb94d27987481268,81fa1e5fc5a9d5fa64c28a8e81ed3342b5aa8d8307e30448468d28bee52ed364,ccee7d7d1ae1f1604d758b0ac6bfbb9cdadb5e3960cd557bc5d40eae9aa79d4a,b1dd6a2df5bf3736ad16370a6e9173a5cd7d028117c9f924ed140615cde5329c,0000000000038160,766a7398170a38719d0340ac7a0c6fac79faf533cc235b872d3f7e6ff8b22c90,8bb4e,8c805,8dfea,timing_leaks::ct_sign_k_class@8c805;timing_leaks::ct_sign@91466,,
2,ct_sign_k_class,modest-left,true,90a45e16b25c5de21b228efc38e764d810c4b578e6282fd23f9b0394919676bd,df174684df9ca371895c160e0403233b15d777f71f48b441bd6819c2228c8f18,a4727a01917df114b33cbfebe2706b48e57805aef9a91fb481eca18de838de1a,,,,,,,,2;0;32;5,2;2;0;5
2,ct_sign_k_class,modest-right,false,7cc1795cc0c7fbdf7730cda61b225fc5119144e27670dc7f2644116b2762edec,905c7bd68b2a79498599612e14af7dc3810755473286c5cd1e791f72ad4387bd,b83e7b7a46a9d973bfa7879df655cc1534d3f25c16cd21da202be1d11e2361e1,b43b06161afb30fda270f7c461290a6998941f0a5527752a36818fa194b0c486,0000000000038160,ab294d25a8e82adbe125ac5467d305b12b5cca0bb61d2f8b9b61af971d6cdec1,8bb4e,8c805,8dfea,timing_leaks::ct_sign_k_class@8c805;timing_leaks::ct_sign@91466,,
2,ct_sign_k_class,modest-right,true,01484573a2d8efc7ab84c4a05c63824926a71fa3c15e5927f221c097a6a36891,380e92602f58519cb24cd51f8df34c2f1834f6dc4a57e59d1ba23164e5e3d206,e4cd3e213176d54b0548b83fccd38658764447b6e20896aef0d8ecbdf966f97c,,,,,,,,2;0;0;5,2;2;32;5
2,ct_sign_k_class,gross-left,false,5626a1a5352030d03e73bb7e04d68ba8fc6825b325ef746c09459c84bea7a9b2,15e7cd2aaea132bbd50e054b9565194d3db158614b77eb5feda71617b229554a,89a4f12963f6ea8fd1b6ca7631923c31c7c76dc37973f846b362b949f70c4c7b,ac513e28fb2318b23c987a05c2fd2449260efb6b7d400eb290c5cbeb9ddb947a,0000000000038160,618022d197b911b11e8a214cdffdef70a3b51eecdab97228f35e1f7a97bd2f53,8bb4e,8c805,8dfea,timing_leaks::ct_sign_k_class@8c805;timing_leaks::ct_sign@91466,,
2,ct_sign_k_class,gross-left,true,185b5c5dd548aa1fb5f7ad16b003d3468c4e45b4b5cd626d5bffd514c3afeda7,b8114c9813b98f4e5c87eabbb22ff11ec599273e34b20533602adac6aa31eec8,951cdab58597c5eec010cb4e075184aa1375f2cb716af24fa7e1668d8710e387,,,,,,,,2;0;2048;5,2;2;0;5
2,ct_sign_k_class,gross-right,false,37ed8147fd24325cf8a67f0f41d8f34e665d3281f42aaefa8171ce1f39b1e2b2,e99fa686db5efb1f2da8ec3378ea305ae64365e6c56ef65776bc1c75e2742864,c2e50fa824f07aec9a1e68f9a8c889c108da7a6c2cd993501337f70b701d1260,37b3a63d8b7e853260944b1ebdcab201a4e7987fbdc4dce81a198627ce7ee114,0000000000038160,6be3e94e3b2b1084bdcccaa44476bb916ddb098e2b0ba809d4e3f7aeae7c09b1,8bb4e,8c805,8dfea,timing_leaks::ct_sign_k_class@8c805;timing_leaks::ct_sign@91466,,
2,ct_sign_k_class,gross-right,true,2ffd2b632d8e068a9ccfab42c954dae6848ce768a05b399a1dfd63e613f56df3,e8014f9d9fd4f984ac43763b8a96e0521a0fc34d9f4d83790676feccbac1f3b6,e12598fe3959588d0d24b0b6b3100f95892c57d38f3ec3d80deff2e019915971,,,,,,,,2;0;0;5,2;2;2048;5
2,ct_hmac_sm3,baseline,true,a12af0e91065fdd72c338d49b440e6c0aacea90a5f2b5ee84f81ff469aa3df2d,4e98a04d5b02795b9eefd131f3763549c28e6d910a0220e883cbce777572f7c9,573d6e344daa2013cce484cd8cd67f0ca217f6be3555c24f42037b1d2f2c8989,,,,,,,,0;0;0;5,0;0;0;5
2,ct_hmac_sm3,sham,false,bf768ecb1296afb6c54f733079c41fd11bd1061d83e0f5d84e8a3d16b99373b8,92a8a1ebe6831118e0d7ed40f7114b51eead74e3608834e926f23082ad679f21,6afd958f6aba3a52023cec543773d7c5d8ac5ceb6e362ef6e6c0aa392b5bc3a2,7638b7a109976faac6d7da175fe60c885e4af2b4ad925bdda0b3f8fefee213de,0000000000038130,b8249f0f09cae39e070300b18794b60ab8f5659b029ffb9a321a4e60ea371546,8a375,8a39e,8a3a9,gmcrypto_core::hmac::hmac_sm3@44a46,,
2,ct_hmac_sm3,sham,true,004d8d3c45fc920550bb3cfe1dcdb263d16cd77fbdb46ea658804fe34ce89880,2b4e776740e84d60c61622af90dcb08583f81a102e9d6ab1766ba2eed73e4c73,498b5dd3520c1fdd3d73b84e01425415a44e94ab686c0b6f35fa0d518fca4c3d,,,,,,,,1;0;0;5,1;1;0;5
2,ct_hmac_sm3,modest-left,false,aef23c67e30ae51050ccb00a90c92bc081c284ee08d794637543d9041f8d9c7e,7e32356000dddc0aee1bbbea6d643d8c18ca835b0083c849dc2e56559ab6a31a,779cd297e1fdfb125b855fb6c4806641ba557fc27109d68840088359b7cd7d3b,8a16c664392cc4143c323d74179ab2c3cbbb96b564b24372bb42b6b1f4312a2b,0000000000038170,fb3d62efef6c40af3f041fa864db603b58c3c49c970b53b43bd21a205a3ae55f,8a565,8a58e,8a599,gmcrypto_core::hmac::hmac_sm3@44c36,,
2,ct_hmac_sm3,modest-left,true,5f03c3672789cdb4438de74147ce0464880155a3ff7445528fe646dae55797c6,cc736db00e542ac2e52a1d0bdaf830ed9eb05e75ed548899adef3604d1b13674,28656fb22c1bdc77de83b34fdcb12ed5b69f88099765eca4ed7717d517e8999e,,,,,,,,1;0;1;6,1;1;0;5
2,ct_hmac_sm3,modest-right,false,09a13bcd2b45a7061b2500ee0051f00aa3abb69c1b1e4f28e347ab2898ad2391,e1099884f5a45c8851153ac96d72baf1f6b8e4b0a9ebb3142b6642657ec0a380,54d94702558b92b986a4346e240a10001cd15609600e4d726e3221ca8b420161,c9f749b1741c6dafc10b9eab4d689313c3c7bad0a9dc615188597ce09108a9ea,0000000000038170,10ca1158d4d1f6f777708f0d75771ce280070668f1785c39acd16664ff55700c,8a565,8a58e,8a599,gmcrypto_core::hmac::hmac_sm3@44c36,,
2,ct_hmac_sm3,modest-right,true,40e38c0ec344f71689491f49d17d89792947ca1a16f52c5b765213292babaad3,7de2c08c4d740ed752e32dd45bbe3ef1a6c31644c8c2ee22151a2faeb7fa8d30,97d7866136a1033176b5b4d3ef6105d487a835399dcb1234ac51a85767cf80eb,,,,,,,,1;0;0;5,1;1;1;6
2,ct_hmac_sm3,gross-left,false,4b139523c3429f12c7829590bbb77d53d681a29416e5a130d550ff78326c5904,e2803006cace14d73f09e685acaeb67e39795ce1c1e74bd7d65d4f8f5893d60c,4e75a85bc6bc01e5719e41b971b4b374050d9cc2855641c8982dbfe86cab3486,d845d6588f51d43c0bf578964b43745d4f79bda405986b05cbf9eacfcf7dac07,0000000000038170,196092327a52c89c291ffc8cda13928a1b53708f29306930cc2ed7f88e96ff36,8a595,8a5be,8a5c9,gmcrypto_core::hmac::hmac_sm3@44c66,,
2,ct_hmac_sm3,gross-left,true,11bd37e84a53861fa25e1653761ee84191b879b0111b577a12c6e7fd33bdcb64,40a9d59cd0e13b130a323c5c2179191b8e45c2e60c904bfda00147dcc8973733,b7348552aa11cdf1666c9b766e4487eb24367b092113e12148b92e33e73654c3,,,,,,,,1;0;64;69,1;1;0;5
2,ct_hmac_sm3,gross-right,false,7ad123031a8cb8af57c7e76381100f9071ae992484d90e859f818c01d03e1f16,f915b1119d0037d9e71ac2e89dbd19fd4c42e209bfabf158ddc49f6ed9266f4f,2fd305c343497cb40b653f28c2f47ab426762132d160457a486d9c4bdbe8a677,54f5e14fc1b15ff56042ae40f25ca3c8919819f051540e5b4ed94a906147f5eb,0000000000038170,3a78848db28d7c18ecf4f89a5c132776f1f0ef67ebb3a342a3428f441a5ea7be,8a595,8a5be,8a5c9,gmcrypto_core::hmac::hmac_sm3@44c66,,
2,ct_hmac_sm3,gross-right,true,343f41ca646de5d9ec5f9588fb387252eb6a07a84e7a26fdd663e673c59d1727,d59c7acf917e00b027496b03a945f4a40d210d718df291088d496f3a8f1fd382,01b73fcbbd4925395e566e1fbdee61d735960ef1094f9e25cb023b8d1d75e60d,,,,,,,,1;0;0;5,1;1;64;69
3,ct_fn_invert,baseline,false,cd0a6f2a1565973f87d5545234bd52a4712730421b567dbc4f1a22f406b0cd13,e3b0c44298fc1c149afbf4c8996fb92427ae41e4649b934ca495991b7852b855,37517e5f3dc66819f61f5a7bb8ace1921282415f10551d2defa5c3eb0985b570,71a1e5c5ffd6cf0431ca9b8df2aa43e635a9aade58a440ec2821116f96ece834,,,,,,,,
3,ct_fn_invert,baseline,true,2db55a09ad037e286d744ed3b7ac077fb7eb26f6344771dc151ea6058ac2137d,952205fcdae78a309d939cac4785500f5c8c3e1f7ab7fbc10549942a23ccdb48,0a8dfb038802ff3eafa6b7d40d4435f13864a03ee7f467ca035806ead8a7998f,,,,,,,,0;0;0;0,0;0;0;0
3,ct_fn_invert,sham,false,ad4bba5743e11a8a7c6263e329cfba9156effae00702ae4e8b25ede3a67816ea,08ecf1fe64b8807a8724f8373202d18fca9f233c07d2dcf6749b5d48dae47b5d,4db78e2c90c559438cbe33ac978ba85ff8cf431235a255d5b691d950dd58ec5c,10f745f128f4d66b460ea37295729d49cf8310f5ff2db8a5c3768129681896b7,000000000003a2f0,bc5988e5191f9feb05ab6349ffe9a1c75062e962ce8f4f1d3f7a3589bb7b504b,96f16,96f23,96fb8,timing_leaks::ct_fn_invert@96f23,,
3,ct_fn_invert,sham,true,52529188c3ef89bc34e7786e998ef1c6784cff7b2ff6d1ab205542850b696500,28ec03de276cc1bc42bf7e470b827cb3fc3afbcb43d52f921df1641be2404d25,f78c9aec980d1eb31bbb783f7572fc5d2f6b39f5e51cbd452294a55a9019b72d,,,,,,,,1;0;0;0,1;1;0;0
3,ct_fn_invert,modest-left,false,8682243896745b9033e46e7f61e21b1f782e3840a44f51722578b3ba5d6e9817,46b94f46cb70cd193aee352d29bf2e6e2a0c2ea64b4dfcf8ff8456a1134cdc0e,dee454f7ff4365ab97b8e818b07a13ed671140f39a979edeca3d27f250631ec2,042908f1e553b404e391eaf508a3f4225b3c0a61de973370e4cc784d9b09a732,000000000003a320,766a7398170a38719d0340ac7a0c6fac79faf533cc235b872d3f7e6ff8b22c90,973e6,973f3,97488,timing_leaks::ct_fn_invert@973f3,,
3,ct_fn_invert,modest-left,true,1a7666cf3e3209a72d01531d33d6a5c4c6611288bd891d073132929a6a544e84,239f045754f907540a3dc10b030264daaf7ca3edcba51ad410e7b38647bf958d,b9e8dd63354075d14b325b0e4867bc26dfcd8d6e4cda2c38be20fd4eee0ff3cf,,,,,,,,1;0;16;0,1;1;0;0
3,ct_fn_invert,modest-right,false,d66c7633860d050627b6d843f5d103915a25171bd7dc8a69cdb8ee821a09425b,19b0400068c005b4a8e89ae9b8e4b2038d7182d28254063e07b167531300eada,0ec2a4503ada0433b68f45a015f66e2ed605d5b2a5645181c7782ab45a64bba6,c5e83e0d42e2887292095b895ec5d051e67336119e12e352379776a945fd0e4f,000000000003a320,ab294d25a8e82adbe125ac5467d305b12b5cca0bb61d2f8b9b61af971d6cdec1,973e6,973f3,97488,timing_leaks::ct_fn_invert@973f3,,
3,ct_fn_invert,modest-right,true,f749e69d0ecbf83b877c1acc6decee1ae328b0d596f43124a3c786544f66fd5e,1ff6c39c6a1756e70542b60b0b85162b7478f2659ce7b81f8dae45d741907c06,8c158ebfb94906879e3f52050a1aedb0a0d55c1b7732312afd87e09ff4d78831,,,,,,,,1;0;0;0,1;1;16;0
3,ct_fn_invert,gross-left,false,3c06b505eac9a4bfa76f675c014daacbb5989870ff02be6353caada1c1f34662,673ccfc130fe5942315d148298e79f828bdecf309c4e2a005d4036dd4e9707ba,d6e60f6ce6d3104ccb30dc16aa2a39d73251d188414916c658b41259be23e80c,da24ec7c62cbe01cf1853eb3622f62474bf34d00c8ade8d502069a7cc9f2a153,000000000003a320,618022d197b911b11e8a214cdffdef70a3b51eecdab97228f35e1f7a97bd2f53,973e6,973f3,97488,timing_leaks::ct_fn_invert@973f3,,
3,ct_fn_invert,gross-left,true,39823dc01c9084142fc9011f9b2365a482443a2859c68a91f18117c62ac0d1a5,55795293f3ba1b65bbfefc641283f60964554c120a992882df172e7b44bbe1b7,1ac2271cdf66d679dad29a76ad190170b4c4972d11854243e6f93a522f77e4ba,,,,,,,,1;0;1024;0,1;1;0;0
3,ct_fn_invert,gross-right,false,e09f96c61f3213aa35b95c90c9b9985f23fca43d3a13a15ae87dfad79ac05f65,05482436785abc8618eea490710e48c21fa7063f9a2737876978f0547f9a86cf,6732c1c49bdd617a6b444a8ba0311929bf45150248da9b88488d3dd2ba763c41,2116c41fc6aa0d7e4b6d7a28a4b583f14520c5e88935d3731364f1552e0fa5bf,000000000003a320,6be3e94e3b2b1084bdcccaa44476bb916ddb098e2b0ba809d4e3f7aeae7c09b1,973e6,973f3,97488,timing_leaks::ct_fn_invert@973f3,,
3,ct_fn_invert,gross-right,true,4489ce01727e4353d457a246299275f49383528f4cb7226afee8f6f51bca0516,6645942218d34ef7bb3c42e263b8c8f453a3a25ca700cbd6f9e723151da369f1,819c890d81da83b3d90e389728627c3a9f14b433a1a0c681f0752b3254f09bc2,,,,,,,,1;0;0;0,1;1;1024;0
3,ct_fp_invert,baseline,true,df54bd2de637a5b549d083dd39fd4f116b47a9d13fe641b159be2555a7154ed9,f80a4f6c7bb1891391a491f12e3e95197ec8d68a799ed266750907db485a94ea,78f081e56f11a75c5df4386ecbee1755f815466833b4dcff1c886b4e6a816e4a,,,,,,,,0;0;0;0,0;0;0;0
3,ct_fp_invert,sham,false,f943a5b027bcae6dc63858158eaa3fd31ec8ba328afd875e2439e34d67476ddf,da2649b50fee0fb8046a32f5ebbf8060f7d0e75d57be5124a9e9b402847cb31e,8f5365e390438d9572cc52236d917dd4e59f090fa1aa1d6d870fd7b57b37ba89,a527a94ec070cc1769268fcf5478611733c28bf059d4d97b2801d08cc5efb1d8,000000000003a310,f0a9160769136def161cab1eaa765b693d375aab48e22d25d4acd14568f58c49,97355,97363,973ef,timing_leaks::ct_fp_invert@97363,,
3,ct_fp_invert,sham,true,90f643a0ee3e4db2484290e06909611e89f031b5b2caae97ff461ef658965cee,21cdd1ddead677f9d96848c9dc283c445f96fc1c561effc52e838b713142dd46,061a9088695231c5f743edf83a0980ec03e994b6a32faa722608ce34315a4e37,,,,,,,,1;0;0;0,1;1;0;0
3,ct_fp_invert,modest-left,false,2b135a619c1932dbed8080b1f096d0c0bebfe89e9c16ae9182f362278b29ae02,58ac12a2f83b73335b0f01ef1ff85010dcd9f84363260941ec123288736082cf,b79d652e85b874557f6fff63365abd25db90e512774617833eb94403b21907e9,dfdc8910e3beff3a91bab38182c0cff44162b9ac241e6cc426cd8b195cde9656,000000000003a310,613ba38d7e9341cbf63994c7d32fd2d9590354b5f166a1dcfc88bb325ffc5b75,97725,97733,977bf,timing_leaks::ct_fp_invert@97733,,
3,ct_fp_invert,modest-left,true,e9ad1973d6a4b17c68fccb6cb762d9bf7350f2ee31e69a5f3a369f0508ec1dd9,b1f0887bab0129cb3bf9c8cb199d80693f31e98cd127a73aa49ba7d17e6072be,9b151e09606ad29d37c5a1da85b4424064159265aa9668436de528afe1077a80,,,,,,,,1;0;16;0,1;1;0;0
3,ct_fp_invert,modest-right,false,e2054c5e25dd3a1b425b3507b6304f4e731ee2e3b23190c25b2a0b866069c28d,74613e8eaff88ae6124076b35ccd72c56ee34f64c76491fb4d52c6d2e59527da,1ea0a51f53757cfa2d4ecd944d7256f0a08a9174cc060494f80b3b3eebb47723,d50fadab9fe857ec95abb47a950d4e8de2647c21eeec2bc3c2fa394bd951c592,000000000003a310,ce1c48530e06d96172bb7042331f02f1250ddd61f0bb7141f0a13066fefeac62,97725,97733,977bf,timing_leaks::ct_fp_invert@97733,,
3,ct_fp_invert,modest-right,true,8e21342c93126673739c88487a0e8a0f1d036e4e87b13709b7841c8f40a109ac,03dffd18fb4be8422443790ba1388ccc530fcd784fc7d4f527f6bdb04d60d01d,7879d380040c386f52da12bc02a4e7b12c41175ce676bf02d40ef85f1afc881f,,,,,,,,1;0;0;0,1;1;16;0
3,ct_fp_invert,gross-left,false,ba338165c574832d787e9ebbb8fa159ad0bfdd61b7fd986992dfefa46d986ffd,431992f0d8a2a9989913d90d9f684cb3249d6b3d43c3a5226d4f9963fe463957,3c328c68d4437600565e74b67f469e549b0a04d9538a15df1e162eaa20cb98b4,78c3b0e66be49569efe1811907ba4f3e52ace415b9bb221c159ffd34c4332761,000000000003a310,4c9ce122cf035b22917417f06befc0ea8d908353bededaf12a67796ee68040f1,97725,97733,977bf,timing_leaks::ct_fp_invert@97733,,
3,ct_fp_invert,gross-left,true,46e2bd0c7bdccb25704154655053eaf3e215106f673ec1ab9d31a4df011a404d,ba5a34c92192caf72384316761ccf8d630d5582907a332156cbc880d25f7a711,0ffbcbe52a05b439b6ae2b59d0a2e460cd226fd568f9e0b78f9a97f5a6c256f2,,,,,,,,1;0;1024;0,1;1;0;0
3,ct_fp_invert,gross-right,false,16751c89fc9980ff59a308176d93d0aafcc604e6eae2848553a1d2614931a714,41a32cb554a83f4f163b2efaab201f4ce46bd4310cf899fe0974c93a1469ecf3,fad5ed6169941d90c85f88e3069d7d5d1e34ed3200a9d18d3d9bbf3709985e88,ef92a08eb845f5d0cdb1b6afd0bbc656269a0a51cf0745011902ed6e28565db5,000000000003a310,3ccd9c3fe1b036c3cdcf6419140b23ca361cc3a5be2b3e0dc7fb872e6152899b,97725,97733,977bf,timing_leaks::ct_fp_invert@97733,,
3,ct_fp_invert,gross-right,true,7cb1918bb4760576eca79994e0b80031deb82efa2394b2bb614d221259351b1f,15aca1853bca2bf5e37223fbe21552d04d7b43282a3d9cb28ff75c89b4c7372a,cd9ecd520f3af966461605968a8815575b6b1ccea6018029d301b08cbde4fc2c,,,,,,,,1;0;0;0,1;1;1024;0
3,ct_sign_k_class,baseline,true,5b6cef7218f04d1c5ac902ae68161324f1fa0ef1eea12d35ad6918116b71d9fd,ac17696ab8408d9ad7603200ef93df50cdee3437c6edffcf1fddb8a231f9acf3,eaf039630b2e157d818c31d7b7d0d7f541e40f1c6852e9e57e169685a5c68c67,,,,,,,,0;0;0;5,0;0;0;5
3,ct_sign_k_class,sham,false,4a19247cead9720413cb15d97b76dd52a71a27982c802173a59f18d174d13d5c,8698c8d40c7af5ab802dc28c6225d13e65ee9691f056774b091632ba56eb36d6,3618146b62796b14cb7facfdce546de23451175a5c61a0824d5d9a05f216abd9,5074fffcef3b56e5445baf173b7ea0e209ef0d7a4c65e28159e6d03324fc7c45,000000000003a2f0,bc5988e5191f9feb05ab6349ffe9a1c75062e962ce8f4f1d3f7a3589bb7b504b,97f5e,98c15,9a3fa,timing_leaks::ct_sign_k_class@98c15;timing_leaks::ct_sign@a11e6,,
3,ct_sign_k_class,sham,true,a7ec0020cf4b8864e2ba2bef30bb1efc37577aec8f19625bdaceabde478ecfc2,2e2171f93e6d58756f07493fd285119aafb3c9544ec181e06dbd7a16c674a7dd,ab8c402dc22c88338694ccb2084cf7aa0385bbe6e9c163d4a32f95f909285c93,,,,,,,,2;0;0;5,2;2;0;5
3,ct_sign_k_class,modest-left,false,02b4cd50b5d1ac236dd91f18e3d407c029b64c100368275a8e235a65cffe0a31,81fa1e5fc5a9d5fa64c28a8e81ed3342b5aa8d8307e30448468d28bee52ed364,ccee7d7d1ae1f1604d758b0ac6bfbb9cdadb5e3960cd557bc5d40eae9aa79d4a,f1120eff2b483e1e2b99cdd1adfe1f33b5ddc4c6151d6ff1a7be6f940b13b687,000000000003a320,766a7398170a38719d0340ac7a0c6fac79faf533cc235b872d3f7e6ff8b22c90,9842e,990e5,9a8ca,timing_leaks::ct_sign_k_class@990e5;timing_leaks::ct_sign@a16b6,,
3,ct_sign_k_class,modest-left,true,2424dafdeef98674900f6157d9fc4b69f17ac2c610c51a2a1b048609e817aa2e,df174684df9ca371895c160e0403233b15d777f71f48b441bd6819c2228c8f18,a4727a01917df114b33cbfebe2706b48e57805aef9a91fb481eca18de838de1a,,,,,,,,2;0;32;5,2;2;0;5
3,ct_sign_k_class,modest-right,false,c79761aa82599513f68c2bc6243c38d969145c12c82ec074de029d54cfea4b78,905c7bd68b2a79498599612e14af7dc3810755473286c5cd1e791f72ad4387bd,b83e7b7a46a9d973bfa7879df655cc1534d3f25c16cd21da202be1d11e2361e1,4cbb0598372898ed5ef1445fc025641b20792aab06a40a236398c3e8a534f658,000000000003a320,ab294d25a8e82adbe125ac5467d305b12b5cca0bb61d2f8b9b61af971d6cdec1,9842e,990e5,9a8ca,timing_leaks::ct_sign_k_class@990e5;timing_leaks::ct_sign@a16b6,,
3,ct_sign_k_class,modest-right,true,dc792e2d68515a5ad97f935c757b918ca694e84534c03af13abe9b8e32e0444f,380e92602f58519cb24cd51f8df34c2f1834f6dc4a57e59d1ba23164e5e3d206,e4cd3e213176d54b0548b83fccd38658764447b6e20896aef0d8ecbdf966f97c,,,,,,,,2;0;0;5,2;2;32;5
3,ct_sign_k_class,gross-left,false,2a8a16941c650f2f36861d8e76a891a840273e6aea3a4af6e89feb4b999c9444,15e7cd2aaea132bbd50e054b9565194d3db158614b77eb5feda71617b229554a,89a4f12963f6ea8fd1b6ca7631923c31c7c76dc37973f846b362b949f70c4c7b,06957c52119cbf24434bcb55019469ffed20ba42560c0976c13815953c62af20,000000000003a320,618022d197b911b11e8a214cdffdef70a3b51eecdab97228f35e1f7a97bd2f53,9842e,990e5,9a8ca,timing_leaks::ct_sign_k_class@990e5;timing_leaks::ct_sign@a16b6,,
3,ct_sign_k_class,gross-left,true,e1fd8db62615c8e27ebc8f8634068674fb7ae29bbee903d1219655417a63ba4c,b8114c9813b98f4e5c87eabbb22ff11ec599273e34b20533602adac6aa31eec8,951cdab58597c5eec010cb4e075184aa1375f2cb716af24fa7e1668d8710e387,,,,,,,,2;0;2048;5,2;2;0;5
3,ct_sign_k_class,gross-right,false,4b89b2f2e4588bfb7c442eecf95b836e1bec60199eda8154e72ecde5cce0b2ef,e99fa686db5efb1f2da8ec3378ea305ae64365e6c56ef65776bc1c75e2742864,c2e50fa824f07aec9a1e68f9a8c889c108da7a6c2cd993501337f70b701d1260,7c60667768a386806aa9bc2c0a68412dc9dd063cb23c3a10bffb1c38e4c440c1,000000000003a320,6be3e94e3b2b1084bdcccaa44476bb916ddb098e2b0ba809d4e3f7aeae7c09b1,9842e,990e5,9a8ca,timing_leaks::ct_sign_k_class@990e5;timing_leaks::ct_sign@a16b6,,
3,ct_sign_k_class,gross-right,true,4cb1e29f382b374acdcea761a33efb610f6906b06e4543da66f564564a967f0a,e8014f9d9fd4f984ac43763b8a96e0521a0fc34d9f4d83790676feccbac1f3b6,e12598fe3959588d0d24b0b6b3100f95892c57d38f3ec3d80deff2e019915971,,,,,,,,2;0;0;5,2;2;2048;5
3,ct_hmac_sm3,baseline,true,3692e5c9e52fec730545cb215bf08a34809676c42480468c5579af735a823dd9,4e98a04d5b02795b9eefd131f3763549c28e6d910a0220e883cbce777572f7c9,573d6e344daa2013cce484cd8cd67f0ca217f6be3555c24f42037b1d2f2c8989,,,,,,,,0;0;0;5,0;0;0;5
3,ct_hmac_sm3,sham,false,c81d6cca5696422f6511fc409cc702d44cb1a1d5f0edb4b5ca1d63afe9604bbe,92a8a1ebe6831118e0d7ed40f7114b51eead74e3608834e926f23082ad679f21,6afd958f6aba3a52023cec543773d7c5d8ac5ceb6e362ef6e6c0aa392b5bc3a2,ccc8e1d2fd22dc19bfb311f044d779223661a8033ad2a910f69cfe4bb7fd8e6c,000000000003a2f0,b8249f0f09cae39e070300b18794b60ab8f5659b029ffb9a321a4e60ea371546,96c55,96c7e,96c89,gmcrypto_core::hmac::hmac_sm3@4ea66,,
3,ct_hmac_sm3,sham,true,ca5196f962c5d610004464b4591a928e09144aab81ed9bb83bd4f052f06e8e36,2b4e776740e84d60c61622af90dcb08583f81a102e9d6ab1766ba2eed73e4c73,498b5dd3520c1fdd3d73b84e01425415a44e94ab686c0b6f35fa0d518fca4c3d,,,,,,,,1;0;0;5,1;1;0;5
3,ct_hmac_sm3,modest-left,false,792ba09f346e0e0e3e79270a7a6ffb0e0221f0633bfc1290f7694ff55735b736,7e32356000dddc0aee1bbbea6d643d8c18ca835b0083c849dc2e56559ab6a31a,779cd297e1fdfb125b855fb6c4806641ba557fc27109d68840088359b7cd7d3b,fc689623a7994322ef50a2efb952352a45d9bf39addbb685ce08bc3b0da393c3,000000000003a330,fb3d62efef6c40af3f041fa864db603b58c3c49c970b53b43bd21a205a3ae55f,96e45,96e6e,96e79,gmcrypto_core::hmac::hmac_sm3@4ec56,,
3,ct_hmac_sm3,modest-left,true,7d67f34323768159463bca86094685d219cfb70879dcf54fe381af34f46fde8f,cc736db00e542ac2e52a1d0bdaf830ed9eb05e75ed548899adef3604d1b13674,28656fb22c1bdc77de83b34fdcb12ed5b69f88099765eca4ed7717d517e8999e,,,,,,,,1;0;1;6,1;1;0;5
3,ct_hmac_sm3,modest-right,false,778f510f009a9d0e34b03ed468c981282685bcda092aedffa232f07f4f8ec626,e1099884f5a45c8851153ac96d72baf1f6b8e4b0a9ebb3142b6642657ec0a380,54d94702558b92b986a4346e240a10001cd15609600e4d726e3221ca8b420161,49b55392f6825f1a8fe723adf3f23b9b0c34515fe8b8e8ad917ae1a75675b075,000000000003a330,10ca1158d4d1f6f777708f0d75771ce280070668f1785c39acd16664ff55700c,96e45,96e6e,96e79,gmcrypto_core::hmac::hmac_sm3@4ec56,,
3,ct_hmac_sm3,modest-right,true,41787962ad4bbd611ede38417bb85d5606db23ff9bae32f2aa0bc86dddabb90f,7de2c08c4d740ed752e32dd45bbe3ef1a6c31644c8c2ee22151a2faeb7fa8d30,97d7866136a1033176b5b4d3ef6105d487a835399dcb1234ac51a85767cf80eb,,,,,,,,1;0;0;5,1;1;1;6
3,ct_hmac_sm3,gross-left,false,7d96a19bf3e4ffcebb604c495e65667d67c34a149a00a70d4c43ef02aa7657cf,e2803006cace14d73f09e685acaeb67e39795ce1c1e74bd7d65d4f8f5893d60c,4e75a85bc6bc01e5719e41b971b4b374050d9cc2855641c8982dbfe86cab3486,82afd1554f2675c0b8467557c250c7c260ea32c8ece00a6b80c8ee02e0abbfab,000000000003a330,196092327a52c89c291ffc8cda13928a1b53708f29306930cc2ed7f88e96ff36,96e75,96e9e,96ea9,gmcrypto_core::hmac::hmac_sm3@4ec86,,
3,ct_hmac_sm3,gross-left,true,ad8d69941bc5e6ca706df342391be9b75baa43361086756f948ababc9f90eac2,40a9d59cd0e13b130a323c5c2179191b8e45c2e60c904bfda00147dcc8973733,b7348552aa11cdf1666c9b766e4487eb24367b092113e12148b92e33e73654c3,,,,,,,,1;0;64;69,1;1;0;5
3,ct_hmac_sm3,gross-right,false,1a09606ccb71d77edcd6b690119f74fcf08ee660da20fe7d5963db1635a55d8b,f915b1119d0037d9e71ac2e89dbd19fd4c42e209bfabf158ddc49f6ed9266f4f,2fd305c343497cb40b653f28c2f47ab426762132d160457a486d9c4bdbe8a677,f72bb6403bfff482305a1a7ddc645a82245965615802767b6e4abc075ac8041c,000000000003a330,3a78848db28d7c18ecf4f89a5c132776f1f0ef67ebb3a342a3428f441a5ea7be,96e75,96e9e,96ea9,gmcrypto_core::hmac::hmac_sm3@4ec86,,
3,ct_hmac_sm3,gross-right,true,064ddf96a7de096c8ed3a364495deed1cac4db525140a30b0841a38b34651078,d59c7acf917e00b027496b03a945f4a40d210d718df291088d496f3a8f1fd382,01b73fcbbd4925395e566e1fbdee61d735960ef1094f9e25cb023b8d1d75e60d,,,,,,,,1;0;0;5,1;1;64;69
