run_id,attempt,created_at,head_sha,event,conclusion,status,archive_bytes,sha256,source_api_url
31461679436,1,2026-08-11T05:27:10Z,1a05287881a83244b258a123079bd3ac7f9e8d2a,schedule,success,preserved,103820,ce2acc5d09e15f7f554f84680eaabe109523f1894400b234a35cc09302fa48b9,https://api.github.com/repos/frankxue831/gm-crypto-rs/actions/runs/31461679436/attempts/1/logs
31507646903,1,2026-08-11T15:33:10Z,e7e85e7f98c534f6c1c8a17946f5a701a6a9b039,workflow_dispatch,success,preserved,103554,e04f73d6871cdbf6e8c33e30bb82145a3070665a3ec9bf9b094fa9bb94ebd2b7,https://api.github.com/repos/frankxue831/gm-crypto-rs/actions/runs/31507646903/attempts/1/logs
31567008720,1,2026-08-12T05:34:44Z,adb76ed223ebfd61c1e8d915100baafa9bd98dd2,schedule,success,preserved,103578,35087f71a86067d6b493db8025c03d66bf612e222119c89d93d193f864d1a25f,https://api.github.com/repos/frankxue831/gm-crypto-rs/actions/runs/31567008720/attempts/1/logs
31670809670,1,2026-08-13T05:34:58Z,adb76ed223ebfd61c1e8d915100baafa9bd98dd2,schedule,success,preserved,103535,e464e96ca89574fd55a693a72cba4de2a420ea7e9831bdcfe2b89ac653cae5be,https://api.github.com/repos/frankxue831/gm-crypto-rs/actions/runs/31670809670/attempts/1/logs
31773440060,1,2026-08-14T05:34:37Z,adb76ed223ebfd61c1e8d915100baafa9bd98dd2,schedule,success,preserved,103460,139771d04f715b88b6487ffd9b8c1484dce12f2036f75fecb3b1be9e49011be6,https://api.github.com/repos/frankxue831/gm-crypto-rs/actions/runs/31773440060/attempts/1/logs
31866214345,1,2026-08-15T05:08:47Z,adb76ed223ebfd61c1e8d915100baafa9bd98dd2,schedule,success,preserved,103563,526b31d90b8a63de7a2b36b7b43043c1d9c3a09b3ba452bebc09c64352a3ceff,https://api.github.com/repos/frankxue831/gm-crypto-rs/actions/runs/31866214345/attempts/1/logs
31928366179,1,2026-08-16T05:10:06Z,2fe8a0282103fb83b8c313fcd7996b825d27d608,schedule,success,preserved,103613,aa7b922f9de1e91cc2893ac4b39a9eda7d9333c50b92c92609366788e6ab8c3b,https://api.github.com/repos/frankxue831/gm-crypto-rs/actions/runs/31928366179/attempts/1/logs
31997333314,1,2026-08-17T05:16:40Z,2fe8a0282103fb83b8c313fcd7996b825d27d608,schedule,success,preserved,103596,31a502c4f4428e27de0ccfc0309e6f070249c851d29f321c1a7a5cc1abd29800,https://api.github.com/repos/frankxue831/gm-crypto-rs/actions/runs/31997333314/attempts/1/logs
32101946604,1,2026-08-18T05:11:52Z,2fe8a0282103fb83b8c313fcd7996b825d27d608,schedule,success,preserved,103490,cb9de0d731ab45c34ba76a1742213376abfd94936961dfd36beb6269c733ae55,https://api.github.com/repos/frankxue831/gm-crypto-rs/actions/runs/32101946604/attempts/1/logs
32218525595,1,2026-08-19T05:11:55Z,2fe8a0282103fb83b8c313fcd7996b825d27d608,schedule,success,preserved,103414,a90d337226d93ab4486bae185babe01b54cdd9541d307a6332eca8c31e09934a,https://api.github.com/repos/frankxue831/gm-crypto-rs/actions/runs/32218525595/attempts/1/logs
32334724256,1,2026-08-20T05:12:32Z,2fe8a0282103fb83b8c313fcd7996b825d27d608,schedule,success,preserved,103433,0a90db076db847f62475979553b8e0f63b997e6c857f171535f960b20b840cd9,https://api.github.com/repos/frankxue831/gm-crypto-rs/actions/runs/32334724256/attempts/1/logs
32449746937,1,2026-08-21T05:13:17Z,2fe8a0282103fb83b8c313fcd7996b825d27d608,schedule,success,preserved,103624,400ffa3da86c3b232a19abe7dde63901186a54fa4f59bc32ef9b6154d9a2e2bd,https://api.github.com/repos/frankxue831/gm-crypto-rs/actions/runs/32449746937/attempts/1/logs
32553623740,1,2026-08-22T05:09:57Z,bc3292208e5ccb3d18b99301028d81d4e76eb6dc,schedule,success,preserved,103617,9def0f2503cb92e89ec6d53a3b3a3915f275b2161da6befd9fed596963b64682,https://api.github.com/repos/frankxue831/gm-crypto-rs/actions/runs/32553623740/attempts/1/logs
32557364267,1,2026-08-22T06:35:23Z,8cb4aac194969c8f14e6537dcbc66ff9b5130722,workflow_dispatch,failure,preserved,103560,46783ff56532b75191ea5a422c671b5ce5ade4b8e97842e74287e4cd598515d6,https://api.github.com/repos/frankxue831/gm-crypto-rs/actions/runs/32557364267/attempts/1/logs
32560375106,1,2026-08-22T07:43:48Z,42ac0860dded07b0da00830d605334dea0673ff2,workflow_dispatch,success,preserved,103529,c7cae49c55e2fbf2c66b93a42532fd750abecdd7e0adb35b4d5f9d247826dea0,https://api.github.com/repos/frankxue831/gm-crypto-rs/actions/runs/32560375106/attempts/1/logs
32562229171,1,2026-08-22T08:25:10Z,42ac0860dded07b0da00830d605334dea0673ff2,workflow_dispatch,success,preserved,103611,52810d59b7700aef129b7db6b6f40eb440ea9386dda7bd5c6b046b30c83ba68a,https://api.github.com/repos/frankxue831/gm-crypto-rs/actions/runs/32562229171/attempts/1/logs
32567150334,1,2026-08-22T10:15:44Z,42ac0860dded07b0da00830d605334dea0673ff2,workflow_dispatch,success,preserved,103589,8b73f470f7f8af70ab24838d40c2d949dd998db2465b64df39d2305708d64659,https://api.github.com/repos/frankxue831/gm-crypto-rs/actions/runs/32567150334/attempts/1/logs
32578879788,1,2026-08-22T14:30:05Z,26a49c377647f52616e4ea79108f7148f16c73a0,workflow_dispatch,success,preserved,103549,338fc82c0ecfcd4fa56ab327a161c6467ad430823b21fa0f1bc7682bd4f7d639,https://api.github.com/repos/frankxue831/gm-crypto-rs/actions/runs/32578879788/attempts/1/logs
32579040309,1,2026-08-22T14:33:24Z,9ad5b89e6aa14307f9f73284d618b881b1a41aba,workflow_dispatch,failure,preserved,103740,f3c46a53d054d2939d25163096d4ba6d8acc9100f40814e192bfff81d78bba87,https://api.github.com/repos/frankxue831/gm-crypto-rs/actions/runs/32579040309/attempts/1/logs
32583881385,1,2026-08-22T16:09:57Z,613f619b022c9f7e49824488b72f445b1253fb39,workflow_dispatch,success,preserved,102859,3d1104a525cdb165a188f9e9759fce076fe1a8eb7db63fa9989c835a17a2cc72,https://api.github.com/repos/frankxue831/gm-crypto-rs/actions/runs/32583881385/attempts/1/logs
32583883218,1,2026-08-22T16:09:59Z,613f619b022c9f7e49824488b72f445b1253fb39,workflow_dispatch,success,preserved,101488,047475d1357883f835affc842d387958014627691cd20098147ac8aa0df8a459,https://api.github.com/repos/frankxue831/gm-crypto-rs/actions/runs/32583883218/attempts/1/logs
32583884824,1,2026-08-22T16:10:01Z,613f619b022c9f7e49824488b72f445b1253fb39,workflow_dispatch,success,preserved,101276,664abe9e510073a01d28c020a865256c5b13fb9151a7b8da26c7141c1fc983b7,https://api.github.com/repos/frankxue831/gm-crypto-rs/actions/runs/32583884824/attempts/1/logs
32586771426,1,2026-08-22T17:07:16Z,613f619b022c9f7e49824488b72f445b1253fb39,workflow_dispatch,success,preserved,102960,db6495c7a73f916d6b2679c096de3a0b0589b717de39c815421178b3d960bdcb,https://api.github.com/repos/frankxue831/gm-crypto-rs/actions/runs/32586771426/attempts/1/logs
32586772861,1,2026-08-22T17:07:18Z,613f619b022c9f7e49824488b72f445b1253fb39,workflow_dispatch,failure,preserved,101400,d7cac23f1a93c447764a3726b084dcba3e2945a78e304cf75486423ff632f233,https://api.github.com/repos/frankxue831/gm-crypto-rs/actions/runs/32586772861/attempts/1/logs
32586774149,1,2026-08-22T17:07:20Z,613f619b022c9f7e49824488b72f445b1253fb39,workflow_dispatch,success,preserved,101410,e273c9b68cd1b43a5e58d71fad2c171301d97743a0958cde36c8dfe114029c82,https://api.github.com/repos/frankxue831/gm-crypto-rs/actions/runs/32586774149/attempts/1/logs
32586775582,1,2026-08-22T17:07:22Z,613f619b022c9f7e49824488b72f445b1253fb39,workflow_dispatch,success,preserved,101388,2a14af6cc45a235f70e79839b3ddc3e5afb1b9bdebebc0f1a12342bcb01e0d95,https://api.github.com/repos/frankxue831/gm-crypto-rs/actions/runs/32586775582/attempts/1/logs
32586776949,1,2026-08-22T17:07:24Z,613f619b022c9f7e49824488b72f445b1253fb39,workflow_dispatch,success,preserved,101467,06ebd07f8a999bb4d36abeab3429ee13ea5b6e735f66312a5dd2580cd2f47a2b,https://api.github.com/repos/frankxue831/gm-crypto-rs/actions/runs/32586776949/attempts/1/logs
32590047515,1,2026-08-22T18:12:19Z,a27594409d74257b9653c0807bdfb8f664037926,workflow_dispatch,cancelled,preserved,96581,cef32ee02573f990367da3bc4a203382154f38f18d635e4cf02dadffae7f24a0,https://api.github.com/repos/frankxue831/gm-crypto-rs/actions/runs/32590047515/attempts/1/logs
32590073627,1,2026-08-22T18:12:51Z,a27594409d74257b9653c0807bdfb8f664037926,workflow_dispatch,success,preserved,105400,2d8d6e008f597919c7b9401dbdf490ebd322285b39bd7a822a68718b3a67cad6,https://api.github.com/repos/frankxue831/gm-crypto-rs/actions/runs/32590073627/attempts/1/logs
32590075068,1,2026-08-22T18:12:53Z,a27594409d74257b9653c0807bdfb8f664037926,workflow_dispatch,success,preserved,105480,8f0cbf329fa69c224a63ac40014c650e48c42e31b993be6fcfc04a38a49c9820,https://api.github.com/repos/frankxue831/gm-crypto-rs/actions/runs/32590075068/attempts/1/logs
32590077074,1,2026-08-22T18:12:55Z,a27594409d74257b9653c0807bdfb8f664037926,workflow_dispatch,success,preserved,105436,dd71214f0de4dc901565324c8e274253116eb2ab95bdbc3a1fbf9e923a86ad5d,https://api.github.com/repos/frankxue831/gm-crypto-rs/actions/runs/32590077074/attempts/1/logs
32609415571,1,2026-08-23T01:03:16Z,672022301008fcfe440ddf18e57ffbf772157a4e,workflow_dispatch,success,preserved,107466,0567f35498a00b855441ab9f473054efc4d7105b317caffb73cca65d4f2229d1,https://api.github.com/repos/frankxue831/gm-crypto-rs/actions/runs/32609415571/attempts/1/logs
32609416701,1,2026-08-23T01:03:18Z,672022301008fcfe440ddf18e57ffbf772157a4e,workflow_dispatch,success,preserved,107588,e704b7a4124a5cf358527924913788d59ce25790b80744de3f37e13517cd5825,https://api.github.com/repos/frankxue831/gm-crypto-rs/actions/runs/32609416701/attempts/1/logs
32609417874,1,2026-08-23T01:03:20Z,672022301008fcfe440ddf18e57ffbf772157a4e,workflow_dispatch,success,preserved,107317,58bc8ceda68836ae3ab6561ad812ad271af398c2c2803d91f55d560325414305,https://api.github.com/repos/frankxue831/gm-crypto-rs/actions/runs/32609417874/attempts/1/logs
32609419138,1,2026-08-23T01:03:22Z,672022301008fcfe440ddf18e57ffbf772157a4e,workflow_dispatch,success,preserved,107431,9a337d3675f74867aaae1373ae9be8a24e2dcfdd4dfad5e3630531d2ca114d63,https://api.github.com/repos/frankxue831/gm-crypto-rs/actions/runs/32609419138/attempts/1/logs
32619716568,1,2026-08-23T05:10:59Z,34634d9c3e6f1eeecb8bf658ab13ab42c6eaeb14,schedule,success,preserved,110442,15c13ba3f003d50f7953d0f9ce3b038a52e253bc79cc149088881988aabe65fb,https://api.github.com/repos/frankxue831/gm-crypto-rs/actions/runs/32619716568/attempts/1/logs
32693025666,1,2026-08-24T05:17:58Z,34634d9c3e6f1eeecb8bf658ab13ab42c6eaeb14,schedule,success,preserved,107584,d7dc324c68e1944858e7be6ed1126933ea03689e0568003767fccbb20b229bb3,https://api.github.com/repos/frankxue831/gm-crypto-rs/actions/runs/32693025666/attempts/1/logs
32812011723,1,2026-08-25T05:13:44Z,34634d9c3e6f1eeecb8bf658ab13ab42c6eaeb14,schedule,success,preserved,107400,434b16cea2eebe4d4550c18e7caa8ee1c7178126a39c29e682dea0add0c057f1,https://api.github.com/repos/frankxue831/gm-crypto-rs/actions/runs/32812011723/attempts/1/logs
32933229974,1,2026-08-26T05:13:43Z,34634d9c3e6f1eeecb8bf658ab13ab42c6eaeb14,schedule,success,preserved,107333,c7f974b4c8646457bedfadd77fdaf7c66a99f2ea9273f45caf0479685f4d9179,https://api.github.com/repos/frankxue831/gm-crypto-rs/actions/runs/32933229974/attempts/1/logs
33050527486,1,2026-08-27T07:37:55Z,34634d9c3e6f1eeecb8bf658ab13ab42c6eaeb14,schedule,success,preserved,113528,524d598d45af4da2a481a226e5a0d670fc2095c7238fec10d4735aec4137456b,https://api.github.com/repos/frankxue831/gm-crypto-rs/actions/runs/33050527486/attempts/1/logs
33152327412,1,2026-08-28T07:40:16Z,34634d9c3e6f1eeecb8bf658ab13ab42c6eaeb14,schedule,failure,preserved,107894,a21808bfc5e4ca1d3498437b9cc3437f0b43ee465f29391c6eb897b88bbf8ecc,https://api.github.com/repos/frankxue831/gm-crypto-rs/actions/runs/33152327412/attempts/1/logs
33235673286,1,2026-08-29T05:13:53Z,34634d9c3e6f1eeecb8bf658ab13ab42c6eaeb14,schedule,success,preserved,107876,5697dd88a5de23dd2c9935b9a29813a540e771c3fc598bb0064b91e3d3ad231a,https://api.github.com/repos/frankxue831/gm-crypto-rs/actions/runs/33235673286/attempts/1/logs
33294258359,1,2026-08-30T05:14:37Z,34634d9c3e6f1eeecb8bf658ab13ab42c6eaeb14,schedule,success,preserved,107711,338e1397ed7dfd8f81e1ce694a5eb2492dd369d4f79b9fd47fc0b33c4183a602,https://api.github.com/repos/frankxue831/gm-crypto-rs/actions/runs/33294258359/attempts/1/logs
33359969441,1,2026-08-31T05:16:47Z,34634d9c3e6f1eeecb8bf658ab13ab42c6eaeb14,schedule,success,preserved,107849,264db3e5c443f7ed5c40386d806c5edccb89ff689d8c86a0b79ab71e047441c4,https://api.github.com/repos/frankxue831/gm-crypto-rs/actions/runs/33359969441/attempts/1/logs
33472982834,1,2026-09-01T05:16:46Z,4d18e90591ff7764b1adf8dfbc475eb1019ddb8b,schedule,success,preserved,107663,75f47cdf87e347f6d393b8431e5bb469fd7a6af6342c70df77cf37c0babea0b1,https://api.github.com/repos/frankxue831/gm-crypto-rs/actions/runs/33472982834/attempts/1/logs
33521925862,1,2026-09-01T14:50:00Z,df0c37951d11eaf895148b46100027907d4f6eb5,workflow_dispatch,success,preserved,110132,f13064fe8bda388547053a85538ff693e50a86d08e13ac99284d26c86ebe931b,https://api.github.com/repos/frankxue831/gm-crypto-rs/actions/runs/33521925862/attempts/1/logs
33593997898,1,2026-09-02T05:15:59Z,726432074a9108b763bb72fc8bf455b7a0295543,schedule,success,preserved,110034,41e4584e38ade67108a74deb982ad77047e85c983bc8fe1f10d3556803cba280,https://api.github.com/repos/frankxue831/gm-crypto-rs/actions/runs/33593997898/attempts/1/logs
33720119346,1,2026-09-03T05:44:14Z,febca172dc1e6cdf13cc70e3f91b2e6a20a54413,schedule,success,preserved,110044,4f06e92e1d1fd08ef9aff7ac0b28de113de2d41619f65cd92668dfd85199f68a,https://api.github.com/repos/frankxue831/gm-crypto-rs/actions/runs/33720119346/attempts/1/logs
33839850625,1,2026-09-04T05:15:56Z,fd415057b92b213ea38628e9edadcc291c317f7d,schedule,success,preserved,110185,4cd4d084c8f4f14d36ae5b59163154e26cd0b7fdf5f86dc88e2deab49050d91f,https://api.github.com/repos/frankxue831/gm-crypto-rs/actions/runs/33839850625/attempts/1/logs
33946681079,1,2026-09-05T05:14:29Z,6fa066de2505423e8d146835b78454b86609a13c,schedule,success,preserved,110246,52e6dd9d76b8bf776ef15d2300bf3a734e740a765e6a3e6fcab3709aeae85d8b,https://api.github.com/repos/frankxue831/gm-crypto-rs/actions/runs/33946681079/attempts/1/logs
34013479884,1,2026-09-06T05:14:19Z,6fa066de2505423e8d146835b78454b86609a13c,schedule,success,preserved,110370,519167f8c5e06b66eca1aadccfa5bbeb5accc63ed8979d969b1a50332fcbedf7,https://api.github.com/repos/frankxue831/gm-crypto-rs/actions/runs/34013479884/attempts/1/logs
34086195746,1,2026-09-07T05:16:50Z,6fa066de2505423e8d146835b78454b86609a13c,schedule,success,preserved,110476,5e5ce9f9bf51cc9c71cd379fb6e800c762e8fb22e29ea37e2e2e356071c9ff9e,https://api.github.com/repos/frankxue831/gm-crypto-rs/actions/runs/34086195746/attempts/1/logs
34189989074,1,2026-09-08T05:16:16Z,6fa066de2505423e8d146835b78454b86609a13c,schedule,success,preserved,110299,3ccec99ce0fc750e308b49b3fefe214bf0703078c8d5a73c8d037c9cbf66c1b4,https://api.github.com/repos/frankxue831/gm-crypto-rs/actions/runs/34189989074/attempts/1/logs
34314204901,1,2026-09-09T05:16:12Z,6fa066de2505423e8d146835b78454b86609a13c,schedule,success,preserved,112027,e23575263bb2b1c5ea8c066c8f173850285915cbe3be2418289fce2744036ced,https://api.github.com/repos/frankxue831/gm-crypto-rs/actions/runs/34314204901/attempts/1/logs
34440373091,1,2026-09-10T05:15:53Z,6fa066de2505423e8d146835b78454b86609a13c,schedule,success,preserved,114788,d3bff35619fd9b017f90e2da8c578904f424da717953e4659bb83d52727ad316,https://api.github.com/repos/frankxue831/gm-crypto-rs/actions/runs/34440373091/attempts/1/logs
34565283745,1,2026-09-11T05:15:50Z,6fa066de2505423e8d146835b78454b86609a13c,schedule,success,preserved,109694,ffc898b25089b74b00257ee83e9bf2845b6b7b929a263c025ef9ea3c53254ec5,https://api.github.com/repos/frankxue831/gm-crypto-rs/actions/runs/34565283745/attempts/1/logs
34675077768,1,2026-09-12T05:14:34Z,6fa066de2505423e8d146835b78454b86609a13c,schedule,success,preserved,109942,3d9abb98a2c561c28ab539379f721d88103a5dba7083852ef0de1f3aac5caade,https://api.github.com/repos/frankxue831/gm-crypto-rs/actions/runs/34675077768/attempts/1/logs
34739818248,1,2026-09-13T05:14:43Z,6fa066de2505423e8d146835b78454b86609a13c,schedule,success,preserved,109882,9e6c34c3b83cddbf0f38ca17a7ae7a0332db72e0d543ff43039ea7746dc047ab,https://api.github.com/repos/frankxue831/gm-crypto-rs/actions/runs/34739818248/attempts/1/logs
34809085914,1,2026-09-14T05:17:23Z,6fa066de2505423e8d146835b78454b86609a13c,schedule,success,preserved,109907,6ae92b257fcdb0f1295a4ebdc3607c98cf543526ba1ea16a94341fcd50b93a29,https://api.github.com/repos/frankxue831/gm-crypto-rs/actions/runs/34809085914/attempts/1/logs
34932098564,1,2026-09-15T05:16:46Z,6fa066de2505423e8d146835b78454b86609a13c,schedule,success,preserved,109931,b7c7e17827894f0919a91618e7a7b2d9198933f53dde6666a716dfda02f2877a,https://api.github.com/repos/frankxue831/gm-crypto-rs/actions/runs/34932098564/attempts/1/logs
35058868266,1,2026-09-16T05:16:35Z,6fa066de2505423e8d146835b78454b86609a13c,schedule,success,preserved,109812,1703579ab533ede53357f53f14c3b1bb684433af1dc2fe3d1eede156a48316cf,https://api.github.com/repos/frankxue831/gm-crypto-rs/actions/runs/35058868266/attempts/1/logs
35185121870,1,2026-09-17T05:16:57Z,6fa066de2505423e8d146835b78454b86609a13c,schedule,failure,preserved,111150,0a543d0d702bb31c30a83451ec3b0cf23f5c72952bb561cde2e5acd3658010a1,https://api.github.com/repos/frankxue831/gm-crypto-rs/actions/runs/35185121870/attempts/1/logs
35310113091,1,2026-09-18T05:15:45Z,6fa066de2505423e8d146835b78454b86609a13c,schedule,success,preserved,110925,d2545dcd39ce0dbe2e522fe3c4cc49233de00f0d09d9bd606bb5d12e237455df,https://api.github.com/repos/frankxue831/gm-crypto-rs/actions/runs/35310113091/attempts/1/logs
35423422594,1,2026-09-19T05:14:27Z,3ecac3d54c7d4a5341a450d06b18ec7d2cf5ae2e,schedule,success,preserved,111014,90c55d3c8f47ba2d45e5db4dd2b9aab05bb15265a0f93879e3c57aeaac5ccd08,https://api.github.com/repos/frankxue831/gm-crypto-rs/actions/runs/35423422594/attempts/1/logs
35491189311,1,2026-09-20T05:15:02Z,3ecac3d54c7d4a5341a450d06b18ec7d2cf5ae2e,schedule,success,preserved,110636,347963d327118b2b6d81e1701bce002429c1aae72436e129d40d1fa581db64d0,https://api.github.com/repos/frankxue831/gm-crypto-rs/actions/runs/35491189311/attempts/1/logs
35564061975,1,2026-09-21T05:17:49Z,3ecac3d54c7d4a5341a450d06b18ec7d2cf5ae2e,schedule,success,preserved,110903,29d9299d86a16ce95115ed7510cc4034c9730c2fdd552f980b0b5a2021183761,https://api.github.com/repos/frankxue831/gm-crypto-rs/actions/runs/35564061975/attempts/1/logs
35690082778,1,2026-09-22T05:16:42Z,3ecac3d54c7d4a5341a450d06b18ec7d2cf5ae2e,schedule,success,preserved,111095,7363a2a335f14190deeecdc5951e7068aaf7a1abc2f74fca03f4d20dda0b405d,https://api.github.com/repos/frankxue831/gm-crypto-rs/actions/runs/35690082778/attempts/1/logs
35821717775,1,2026-09-23T05:16:13Z,3ecac3d54c7d4a5341a450d06b18ec7d2cf5ae2e,schedule,success,preserved,110962,7d02a973dd617242e59ae0948b75f3138bbc3623869cff64b04a9a7378926d0a,https://api.github.com/repos/frankxue831/gm-crypto-rs/actions/runs/35821717775/attempts/1/logs
35959209718,1,2026-09-24T05:16:23Z,4a7bee1736eb09d7e485a920ee4f84519ba435b5,schedule,success,preserved,111217,714b10e74424d07f277d4c2261271517a6b28fc60a12ae5b594f8ae3df352843,https://api.github.com/repos/frankxue831/gm-crypto-rs/actions/runs/35959209718/attempts/1/logs
36097870619,1,2026-09-25T05:16:29Z,4a7bee1736eb09d7e485a920ee4f84519ba435b5,schedule,success,preserved,111417,43579481a1696d125a89626248ad316048cb4cc666dc4e0c33167f5f0e1b4dda,https://api.github.com/repos/frankxue831/gm-crypto-rs/actions/runs/36097870619/attempts/1/logs
36220249568,1,2026-09-26T05:15:17Z,746b3fb32e1064a898629d16a9902df6200ed556,schedule,success,preserved,111311,f69323c38e4af646f62b9e18ec9072e6f5cce32484d5fbd957d4051524297cca,https://api.github.com/repos/frankxue831/gm-crypto-rs/actions/runs/36220249568/attempts/1/logs
36296678111,1,2026-09-27T05:15:27Z,746b3fb32e1064a898629d16a9902df6200ed556,schedule,success,preserved,111240,2942b41e805218f7d0ff56743a778d89992f487cfddf68d7e7f7658db6931c49,https://api.github.com/repos/frankxue831/gm-crypto-rs/actions/runs/36296678111/attempts/1/logs
